id,stated_hospital_name,appointment_booked,client_type,agent_name,stated_patient_name,reason_not_booked,treatment_type,labled_at,labeled_by,label_id,treatment_type_other
CAL000498baa67742cb9a4fed89664cd014,Blue Sky Animal Hospital,No,Existing,Sarah,Layla,2a. Scheduling Issue - Walk ins not available / no same day appt,Urgent Care / Sick Pet,,Mik,2cc1fa8d,
CAL01983cf004e27a818a944e2408dbc662,Thomas Glen Erin Animal Hospital,No,New,,,3. Service/treatment not offered,Surgical Services,,Dani,e70147de,
CAL01983cf65468762787908b3a76f32a18,Paradise Animal Hospital,No,Existing,Jessica,Tobias,1a. Caller Procrastination - Price Objection / Shopping / Request for Quote,Retail,,Dani,740f7113,
CAL01983cf6c4147b219aa0a218d2b8356d,Don Valley Animal Hospital,No,New,Amanda,,1a. Caller Procrastination - Price Objection / Shopping / Request for Quote,Retail – Food Orders,,Dani,754c39b1,
CAL01983cf857a771168f556836b2d71e37,Pickering Animal Hospital,Inconclusive,Existing,Leslie,,1c. Caller Procrastination - Getting information for someone else,Urgent Care / Sick Pet,,Dani,82da66c5,
CAL01983cf97adb7259b52dc0ec95dbfe68,Okotoks Veterinary Clinic,Yes,Existing,Brandy,Sam,,Urgent Care / Sick Pet,,Dani,b53080bf,
CAL01983cff5e8c7f569f4ecf02dd10cd1f,Pickering Animal Hospital,Yes,New,Michelle,,,Preventive Care,,Dani,b44db8f3,
CAL00057325c1924ef5be1874417c20b262,Mount Joy Animal Clinic,Yes,Existing,Not shared,Charlie,,Preventive Care,,Mik,d2841daa,
CAL0007abb1ee0444e0b4c5dbec11d6c4ce,Paradise Animal Hospital,Yes,Existing,n/a,Buzz,,"Urgent Care – Diagnosis and Treatment of Illnesses (Vomiting, Diabetes, Infections)",,Adelaide,d9c8aec3,
CAL0005db904b5746e18d9c5a855f8ff8fd,Moira Veterinary Clinic,No,Existing,Megan,Jimmy,6. Emergency care not offered,"Emergency & Critical Care – Stabilization (Trauma, Poisoning, Seizures)",,Mik,dbe7ecca,
CAL0039a82c50d340abaf5823d06785a4a0,Blue Sky Animal Hospital,Inconclusive,Inconclusive,Sarah,Gilly (Cat),,N/A (missed call),,Justin,d68e4398,
CAL019837f52c29747e9a736faff8ee96a0,Mount Joy Animal Clinic,Yes,Existing,Christina,Luna,,"Urgent Care – Diagnosis and Treatment of Illnesses (Vomiting, Diabetes, Infections)",,Adelaide,3e294d6c,
CAL019837fa1ec07a778412598cf2c6c69b,Don Valley Animal Hospital,Yes,Existing,Amanda,Cardomon,,"Preventive Care – Wellness Screening (Bloodwork, Urinalysis, Fecals)",,Adelaide,e83305a4,
CAL01983d10780a7cb486ae9f0e2eb23aee,Caledonia Vet Clinic,Yes,Existing,Kelly,Henry,,Retail – Prescriptions,,Dani,fa3d2a15,
CAL01983d1145367f0389e558a759970dd7,Moira Veterinary Clinic,Yes,Existing,Katie,Finn,,Dermatology – Ear Infections,,Dani,b5f20c31,
CAL000982de28904f1aa7f072d197347693,Downtown Animal Clinic,No,New,Not shared,Not shared,1a. Caller Procrastination - Price Objection / Shopping / Request for Quote,"Preventive Care – Wellness Screening (Bloodwork, Urinalysis, Fecals)",,Mik,e9c1bee9,
CAL01983804e7477d2ab9762cb70d48f2e3,Fisher Glen Animal Hospital,Yes,Existing,Bailey,Bee,,Preventive Care – Vaccinations,,Adelaide,f69bad56,
CAL0198423279ec78fdaf35068fb9b8d99d,Welland Animal Hospital,No,New,,,4. Meant to call competitor hospital,Other,,Justin,47bb6151,
CAL019842352d1c75188c56e72157557028,Blue Sky Animal Hospital,Yes,Existing,Sarah Carriere,Gilly,,"Preventive Care – Wellness Screening (Bloodwork, Urinalysis, Fecals)",,Justin,7c9d502d,
CAL01983809118e7b7ab76583beb15baec6,Fisher Glen Animal Hospital,Yes,Existing,Bailey,Abby,,Preventive Care – Annual Exams,,Adelaide,6095cb54,
CAL0009ad7aca3748009c5fb31f51eee5ad,Kingston Regional Pet Hospital,Yes,New,Not shared,Not shared,,Emergency & Critical Care,,Mik,23e46dfe,
CAL01983d1424db7a53b1e06d511c13017d,Brandon Hills Vet Clinic,No,Existing,Carol,,1c. Caller Procrastination - Getting information for someone else,"Preventive Care – Wellness Screening (Bloodwork, Urinalysis, Fecals)",,Dani,7fab27f5,
CAL01983809fd0870bfb1a41e0cc0148c1a,Lynden Animal Clinic,No,Existing,Tabitha,Mia and Dave,1c. Caller Procrastination - Getting information for someone else,Urgent Care / Sick Pet,,Adelaide,f31ef88d,
CAL0198423c88d1740d81c5277e96567b8f,Mount Joy,No,New,Alyssa,Tiber,2a. Scheduling Issue - Walk ins not available / no same day appt,"Urgent Care – Diagnosis and Treatment of Illnesses (Vomiting, Diabetes, Infections)",,Justin,f7b932a8,
CAL0198380d24b573858f1ebc1d3174cf7c,Paradise Animal Hospital,Yes,Existing,Jessica,Buzz,,Urgent Care / Sick Pet,,Adelaide,60793501,
CAL0198380e825f714ba6f533c90cee0983,North Waterloo Veterinary Hospital,Inconclusive,Existing,Logan,Daisy,,"Preventive Care – Wellness Screening (Bloodwork, Urinalysis, Fecals)",,Adelaide,dc7b7fb2,
CAL01983d168dbe71ff8e20ee5e87e02110,Blue Sky Animal Hospital,No,Existing,Sarah,Quint,2b. Scheduling Issue - Full schedule,Urgent Care / Sick Pet,,Dani,0d51f70e,
CAL01984242d4c5738995fd863462cfb808,McEwen-Frontenac Animal Hospital,Inconclusive,Existing,Hailey Earle,Holly Doyle,,Retail – Prescriptions,,Justin,e0c435ef,
CAL01983815a4767f56a58f01c1c70c0a18,,Inconclusive,Existing,,Lucy,,Retail – Prescriptions,,Adelaide,10394600,
CAL01983817fcfd7454a63d6cdf8169a5aa,Lynden Animal Clinic,No,New,Emma,,1a. Caller Procrastination - Price Objection / Shopping / Request for Quote,Urgent Care / Sick Pet,,Adelaide,53ca86fc,
CAL0198381fff847e6d97bd58d60abcb00e,Properties Animal Clinic,Yes,Existing,Jen,Buddy,,Preventive Care – Vaccinations,,Adelaide,17a5ab98,
CAL01983822ac26708db3b026da626a071c,Lynden Animal Clinic,No,New,Tabitha,,1a. Caller Procrastination - Price Objection / Shopping / Request for Quote,Preventive Care,,Adelaide,4c1b06ab,
CAL019838234a5573079b0722f822b613f7,Lincoln Animal Hospital,Inconclusive,Existing,Gina,Raiden,,Retail – Food Orders,,Adelaide,7a3acb3d,
CAL01983823e3fd7e76a7ec906121a17dee,,Inconclusive,Existing,,Speck,,Retail – Food Orders,,Adelaide,615ec769,
CAL0198424b73497663bace2b69e2c67076,Paradise Animal Hospital,Inconclusive,New,Kendra Payne-Roebothan,Oreo,,Retail – Prescriptions,,Justin,1e689ada,
CAL01983d3797ed7cf79aebe72f86f86499,Properties Animal Clinic,No,Existing,Jen,,1. Caller Procrastination,Preventive Care – Vaccinations,,Dani,f40b25bb,
CAL019838277cc37e93b4c1a543fa522122,Pickering Animal Hospital,Yes,New,Michelle,Leo,,Urgent Care / Sick Pet,,Adelaide,d1c94fb4,
CAL01983828e7347b6281fe9fa52524f73e,Beaver Creek Animal Hospital,Inconclusive,Existing,Shana,Lucy,,Preventive Care – Vaccinations,,Adelaide,5a6da4cf,
CAL01983d40eb3c7f9dbc70234b768f4ce4,Pickering Animal Hospital,Yes,Existing,Leslie,Jojo,,Preventive Care,,Dani,af46c8ac,
CAL019842573502729d8bb53363be01d3ac,Paradise Animal Hospital,Inconclusive,New,Kendra Payne-Roebothan,Gracie Vaslett,,Preventive Care – Vaccinations,,Justin,a0f554dc,
CAL0198425886c975289bb6d0567c018e3e,North Vancouver Pet Hospital,Inconclusive,Existing,Zoey,Ester (Norman),,"Surgical Services – Dental Care (Cleanings, Extractions)",,,b10f0210,
CAL01983d42bfdb7561afcbab029cfd882d,Beaver Creek Animal Hospital,Yes,Existing,Shashana,Chloe,,Urgent Care / Sick Pet,,Dani,3b66af0b,
CAL0198425c646278fbb1607ab6a89f5f6a,McEwen-Frontenac Animal Hospital,Inconclusive,New,Hailey,,,Retail – Food Orders,,Justin,c678b3d1,
CAL01983d4412907052a4987a971fcad2bd,,Yes,Existing,,,,Preventive Care – Vaccinations,,Dani,917dd49a,
CAL01983d455c6c7e9b8430ae57def2f634,Moira Veterinary Clinic,No,Existing,Katie,,1. Caller Procrastination,"Preventive Care – Wellness Screening (Bloodwork, Urinalysis, Fecals)",,Dani,5f70274f,
CAL0198382a648d7ea09d62d10d36e470d7,Lynden Animal Clinic,No,New,Emma,,1a. Caller Procrastination - Price Objection / Shopping / Request for Quote,Surgical Services,,Adelaide,23721b83,
CAL01983d4703e573efb234cddf6c3bd9c3,Okotoks Veterinary Clinic,No,New,Linda,,2b. Scheduling Issue - Full schedule,"Surgical Services – Dental Care (Cleanings, Extractions)",,Dani,0efb5d98,
CAL01983837207c78339c0dc0ac40dc2540,Paradise,Yes,Existing,,Daleon,,Preventive Care,,Adelaide,e1669c2b,
CAL0198383ba24b764186763c2357974ba3,Welland Animal Hospital,No,New,,,1a. Caller Procrastination - Price Objection / Shopping / Request for Quote,End of Life Care – In-Home Euthanasia,,Adelaide,1a7fd045,
CAL01983d49503e748fbb416e2bb7597603,Properties Animal Clinic,Yes,New,Candance,OJ,,Preventive Care,,Dani,cc43b4bb,
CAL0198383bf2cd7adaa841d36177d17bbc,Blue Sky Animal Hospital,Inconclusive,Existing,JD,Willow,1a. Caller Procrastination - Price Objection / Shopping / Request for Quote,Surgical Services – Spays and Neuters,,Adelaide,258ee8b3,
CAL019838424bff7fa7890d74af370fc6f0,Welland Animal Hospital,No,Existing,,Maya,1. Caller Procrastination,Preventive Care,,Adelaide,c678d45f,
CAL01983d496ef2781a98db9ed6aa9880fe,Vétérinaire à Chelsea,Yes,New,,Tilly & Tails,,Preventive Care,,Dani,e0a2f581,
CAL01983845f24c74ca8e084a529e08b4d8,Clinique Veterinarie,No,New,,,2b. Scheduling Issue - Full schedule,"Urgent Care – Diagnosis and Treatment of Illnesses (Vomiting, Diabetes, Infections)",,Adelaide,d9351ffe,
CAL019838482da37a9f9344c2d92538c61f,Pickering Animal Hospital,Yes,Existing,,Fiona,,Preventive Care – Vaccinations,,Adelaide,70964f29,
CAL0198384b51907551aab56685e09cde9c,Fisher Glen Animal Hospital,Inconclusive,Existing,Bailey,Big Girl,,Surgical Services,,Adelaide,52bb1a9b,
CAL01983d5be63a7410a179dc571fa6230a,Kitsilano Animal Clinic,No,New,Tracy,Marcia,,Preventive Care,,Dani,dd9daa67,
CAL019838502ce87cbdbc990b0ade416e7a,Blue Sky Animal Hospital,Inconclusive,New,Sarah,Elvira/Piccola,,Surgical Services – Spays and Neuters,,Adelaide,27a72112,
CAL01983d5be9627b1581c7b0479ab85a8a,,Yes,Existing,Leslie,,,Retail – Prescriptions,,Dani,79c2f9fa,
CAL0198385255f8738ca83ae22e29e15dcc,McEwen- Frontenac Animal Hospital,Inconclusive,Existing,Hailey,Gus-Gus,3. Service/treatment not offered,Emergency & Critical Care – Overnight Hospitalization,,Adelaide,483b97f5,
CAL0198385b6e3772fc89e3f22f41af0b46,Chaparral Veterinary Clinic,Yes,Existing,,Arrow,,Dermatology,,Adelaide,f6d77188,
CAL01983d65d324715195b6c398a3041acd,Wingrove Veterinary Services,No,New,Taylor,,1a. Caller Procrastination - Price Objection / Shopping / Request for Quote,"Surgical Services – Soft Tissue Surgeries (Lump Removals, Bladder Stone Removal, Wound Repair)",,Dani,86f5cbc7,
CAL01983864fd50700396fe8fb50860c0ae,Lynden,No,New,Tabitha,,3. Service/treatment not offered,Preventive Care,,Adelaide,2bb4699f,
CAL01983872f881791f9d0eae5c58b35de9,,Inconclusive,Existing,Lesley,,,Retail – Prescriptions,,Adelaide,1c1df813,
CAL01983d65fa707096b4144d44a92e8701,Blue Sky Animal Hospital,Inconclusive,Existing,JD,Willow,2a. Scheduling Issue - Walk ins not available / no same day appt,Surgical Services,,Dani,97bbd88a,
CAL0198387534b27b21af285cf499eac523,,Yes,Existing,,Benji,,Preventive Care,,Adelaide,952f1cdd,
CAL019838760fe97e58898d00136787ed15,Blue Sky Animal Hospital,Inconclusive,Existing,Sarah,Cooper,,Retail – Prescriptions,,Adelaide,80ba2f7e,
CAL01983d741df074ef9f504977bf711e3c,Thomas Glen Erin Animal Hospital,No,New,,,3g. Service/treatment not offered - Pocket Pets,Diagnostic Services,,Dani,6a308b08,
CAL0198387a31297659b98d57bb828b2c1d,Blue Sky Animal hospital,No,Existing,Sarah,Monty,2b. Scheduling Issue - Full schedule,Urgent Care / Sick Pet,,Adelaide,76183fbc,
CAL000aeb5cceb842ff9ab94f9dc115873d,Blue Sky Animal Hospital,No,Existing,Not shared,Not shared,2a. Scheduling Issue - Walk ins not available / no same day appt,Urgent Care / Sick Pet,,Mik,5b4a6426,
CAL01983d75ae117953937b8644390fa1b0,Lynden Animal Clinic,No,New,Tabatha,,2. Scheduling Issue,"Preventive Care – Wellness Screening (Bloodwork, Urinalysis, Fecals)",,Dani,5331a85f,
CAL0198387ec66d739fb6850962fd609815,Lynden Animal Clinic,Inconclusive,Existing,Tabitha,Litha,,Retail – Prescriptions,,Adelaide,6a9141a7,
CAL000e51384a1945a28c7af94f3657b772,Fisher Glen Animal Hospital,Yes,Existing,Sabrina,Luna,,"Urgent Care – Diagnosis and Treatment of Illnesses (Vomiting, Diabetes, Infections)",,Mik,9d50dd9f,
CAL01983d7a89717b989220dd0e4b477c41,Pickering Animal Hospital,No,Existing,Michelle,,1. Caller Procrastination,Retail – Prescriptions,,Dani,9a895e26,
CAL01983885684f7cfeaf588dcf1f8a9e28,Englehart Animal Hospital,Yes,Existing,Siera,peanut and katie,,Preventive Care – Annual Exams,,Adelaide,e9aef45f,
CAL01983d7badf47d4a883742d2824526d5,Moria Veterinary Clinic,No,New,Katie,,6. Emergency care not offered,Dermatology – Ear Infections,,Dani,157c9d4d,
CAL019838906bb373e3b8900dfb87d1f627,Pickering Animal Hopsital,Inconclusive,Existing,Michelle,Buddy and trixie,,Retail – Food Orders,,Adelaide,47f916f0,
CAL001052c35ec84a74857f15ba89aa2183,MFAH,Yes,Existing,Hailey,Buck,,"Preventive Care – Wellness Screening (Bloodwork, Urinalysis, Fecals)",,Mik,c7d50b34,
CAL01983d8418e577cfbb3138f1a923799a,Fisher Glen Animal Hospital,Yes,Existing,Keira,Blaze,,Diagnostic Services,,Dani,4b6dfef2,
CAL01983892a84f773a9b31879e92d73ad0,Blue Sky Animal Hospital,No,New,Sarah,,2b. Scheduling Issue - Full schedule,"Urgent Care – Diagnosis and Treatment of Illnesses (Vomiting, Diabetes, Infections)",,Adelaide,79eb8ec3,
CAL019838957c0f75cbb4402e55409a5c87,North Vancouver Animal Hospital,Yes,Existing,,Norman,,Urgent Care / Sick Pet,,Adelaide,af6e0444,
CAL01983898e3217448975702e04867a9ab,North Vancouver Animal Hospital,Inconclusive,Existing,,Norman,,Retail – Prescriptions,,Adelaide,1cad1d79,
CAL0198389a5e4d77f688308ebf78950714,Englehart Animal Hospital,Inconclusive,Existing,Siera,Penny,1c. Caller Procrastination - Getting information for someone else,Urgent Care / Sick Pet,,Adelaide,399afdf5,
CAL0011b20af94b4c4289cf6a51af871369,Animal Clinic,Yes,New,May,Peanut,,"Urgent Care – Diagnosis and Treatment of Illnesses (Vomiting, Diabetes, Infections)",,Mik,d03d62cd,
CAL001aad9b8a0947ed8ac0353348259263,DAC,Yes,Existing,Not shared,Riko,,Dermatology – Ear Infections,,Mik,6890ad43,
CAL001b27da05104332895e8f037e981343,PAH,Yes,New,Dana,Harry Potter,,Preventive Care – Vaccinations,,,ede3ed40,
CAL0198426fa9387ff89440b3de60a4d8d5,Moira Veterinary Clinic,No,New,Katie,,2a. Scheduling Issue - Walk ins not available / no same day appt,"Surgical Services – Orthopedic Surgeries (ACL Repairs, Fracture Repair — Sometimes Referred Out)",,Justin,6aecebb2,
CAL0024c5183d6641a7bab31a88e46fbc69,KRPH,Yes,New,Not shared,Not shared,,Emergency & Critical Care,,Mik,fd2ec0d2,
CAL01984274e65679f3bdb78b97754c80f7,McEwen-Frontenac Animal Hospital,Yes,Existing,Hailey,Joan Fuoco,,"Urgent Care – Diagnosis and Treatment of Illnesses (Vomiting, Diabetes, Infections)",,Justin,3c42f44b,
CAL019842825f547ff7a4c3f87bf825893a,Beaver Creek Animal Hospital,No,New,,Crystal Gremoldy,2a. Scheduling Issue - Walk ins not available / no same day appt,"Urgent Care – Diagnosis and Treatment of Illnesses (Vomiting, Diabetes, Infections)",,Justin,f620db84,
CAL019838a6d53c7c27836008665c04d9ee,Moria Veterinary Clinic,No,Existing,Megan,Loki,2b. Scheduling Issue - Full schedule,Preventive Care – Vaccinations,,Adelaide,d28a1b7e,
CAL019838aa07b4769484b524ea1dedba13,Caledonia Vet Clinic,Yes,Existing,Kelly,Jinx,,Preventive Care – Vaccinations,,Adelaide,392a2233,
CAL003334dc9cce46eeb1d9ddc73be4e633,MFAH,Yes,Existing,Hailey,JD,,Preventive Care – Vaccinations,,Mik,ab752fed,
CAL0198428770b87ac78b752d3e54aa1dea,Moira Veterinary Clinic,No,New,Katie,,2. Scheduling Issue,"Urgent Care – Diagnosis and Treatment of Illnesses (Vomiting, Diabetes, Infections)",,Justin,ed875a08,
CAL019838aee7997a33aa593e40ee397846,Paradise Animal Hospital,No,Existing,,Butters,,Urgent Care / Sick Pet,,Adelaide,7f356c60,
CAL019842890dc977bd88ecf1be0ce26fdd,Amherst Animal Hospital,Inconclusive,Existing,Emily,Susan Kenny,,Retail – Prescriptions,,Justin,289bb7c9,
CAL019838b0ce8870818d880dd1851cb5f1,Moira Veterinary Clinic,Inconclusive,Existing,Katy,Loki,1c. Caller Procrastination - Getting information for someone else,Urgent Care / Sick Pet,,Adelaide,4c40e8b3,
CAL019838b1f2d77d7f9496fb92f910a282,Pickering Animal Hospital,Yes,Existing,Lesley,Mack,,Preventive Care – Vaccinations,,Adelaide,a8bf0498,
CAL0198428f17c37910bbf92af477d7644f,Downtown Animal Clinic,No,New,,,,Retail – Food Orders,,Justin,02c0c687,
CAL019838b50e7772a19e18618b90dc851c,Blue Sky Animal Hopsital,No,Existing,JD,Marley,1a. Caller Procrastination - Price Objection / Shopping / Request for Quote,"Preventive Care – Wellness Screening (Bloodwork, Urinalysis, Fecals)",,Adelaide,3326d9e7,
CAL0198429886a878f3b478b3df14cbd463,North Vancouver Pet Hospital,Yes,New,Zoey,Allen,,Preventive Care – Vaccinations,,Justin,f8326c1c,
CAL0198429b6d197b1eacec860a7432ff9d,Caledonia Veterinary Clinic,No,Existing,Kayla,Jennifer Croft (Kia),,Retail – Prescriptions,,,a3586b44,
CAL019838be793178a7b613d26902e61915,Clinique Veterinaire,Inconclusive,Existing,,,,"Preventive Care – Wellness Screening (Bloodwork, Urinalysis, Fecals)",,Adelaide,f70341e9,
CAL019838beaef3720196945678ed36fe5d,North Vancouver Pet Hospital,Yes,Existing,,,,Other,,Adelaide,3eee2d6f,
CAL01983d86d8937ef6af54e91f80ea77a2,North Vancouver Pet Hospital,Yes,Existing,Zoe,Otto,,Preventive Care,,Dani,2f5e83a5,
CAL019838c9818f7ad181845b8401268211,,Inconclusive,Existing,,Kona,,Preventive Care,,Adelaide,eb28c47a,
CAL019842a00e9d714281ffd395439def36,Caledonia Veterinary Clinic,Inconclusive,Existing,Kayla,"McQueen, Cali",,Diagnostic Services,,Justin,f82ddde6,
CAL01983d87c0907b9e9413ee6b55f0301b,Pickering Animal Hospital,Yes,Existing,,Archie,,"Urgent Care – Diagnosis and Treatment of Illnesses (Vomiting, Diabetes, Infections)",,Dani,d7b99e44,
CAL01983d8e0f337328a746c4eaf40dda48,McEwen-Frontenac Animal Hospital,Yes,New,Hailey,Maverick,,Preventive Care,,Dani,14c919b7,
CAL019842a1b5987b6b8b64ccb825ab5e4b,Kitsilano Animal Clinic,Yes,Existing,,"Bartlett, Kirby",,Preventive Care – Vaccinations,,Justin,3b8349c3,
CAL01983d91b0d7707ba5c0701f0ee8066a,Pickering Animal Hospital,No,Existing,,Kiwi,2a. Scheduling Issue - Walk ins not available / no same day appt,Dermatology – Ear Infections,,Dani,a6457c6f,
CAL019842a432ab727fb8437e65edc07834,Lynden Animal Clinic,No,New,Tabitha,,2b. Scheduling Issue - Full schedule,Preventive Care – Vaccinations,,Justin,a4a3d80c,
CAL01983d983b197766a2bd7629d4452939,Blue Sky Animal Hospital,No,New,Sarah,,1c. Caller Procrastination - Getting information for someone else,Preventive Care,,Dani,19585a90,
CAL0038d600a47946ebb1c82834efd14ec2,BSAH,No,Existing,JD,Not shared,2b. Scheduling Issue - Full schedule,Preventive Care,,Mik,1ede603f,
CAL01983da0c4ce7f33aeee7b4df5537057,Moira Veterinary Clinic,Yes,New,Megan,,,Preventive Care,,Dani,35c2241e,
CAL019842a771537cfb973d3259696f2355,Paradise Animal Hospital,Inconclusive,New,Jessica,,2. Scheduling Issue,Diagnostic Services,,Justin,d6c2f1e6,
CAL01983db08d7e76e6aa2a541c02c89c28,Fisher Glen Animal Hospital,No,Existing,Ashley,Mabel,1b. Caller Procrastination - Need to check with partner,Surgical Services – Spays and Neuters,,Dani,55cd4176,
CAL003947c6d73e405a8ff5214e6719fcbd,PAH,Yes,New,Lindsay,Chris,,Preventive Care,,Mik,2e564a77,
CAL019842a90ca7757ca8038375fe8ba72b,North Waterloo Vet Hospital,Yes,Existing,Hannah,Badali Amy,,Preventive Care – Vaccinations,,Justin,a6d9918b,
CAL003a2122cd8542c481baf4ddc8e40d80,PAH,Yes,Existing,Unintelligible,Ronnie,,Dermatology – Allergies,,Mik,e44558b9,
CAL01983db0d8f87073ab83c5a8ec1cf94e,All About Pets,No,New,,,1b. Caller Procrastination - Need to check with partner,Preventive Care,,Dani,858ec12e,
CAL01983db46bdd7fdc8be036e9ee8f6c61,Brandon Hills Veterinary Clinic,No,New,Carol,,3g. Service/treatment not offered - Pocket Pets,Preventive Care – Vaccinations,,Dani,9c7373e3,
CAL00415f59577343e1aaad08431561d554,WVH,Yes,Existing,Taylor,Not shared,,Preventive Care – Vaccinations,,Mik,8f160713,
CAL00427bb94384468b8457c5b48be0dffa,,Yes,Existing,Not shared,Shade,,Preventive Care – Annual Exams,,Mik,f3d68fb8,
CAL019842b414767600a4294b8c2763fd24,Englehart Animal Hospital,Inconclusive,Existing,Pat,Calliou,,Retail – Prescriptions,,Justin,a678b757,
CAL01983dbda56a746bb3230ef43c845e27,Paradise Animal Hospital,No,Existing,Kendra,,1. Caller Procrastination,End of Life Care,,Dani,604edb64,
CAL019842b7c3e872a8acf151661d07e8c7,Pickering Animal Hospital,Yes,New,,Kiwii,,Preventive Care,,Justin,6e5e47d4,
CAL01983dc1a31a7c38a9c953568bfa1763,North  Vancouver Pet Hospital,Yes,New,Donja,Frankie,,Dermatology – Ear Infections,,Dani,7576abdf,
CAL019842b84f5876e09bc393b78c7f2633,Bay Regional Veterinary Hospital,No,New,Sarah,,2b. Scheduling Issue - Full schedule,Urgent Care / Sick Pet,,,7b736798,
CAL01983dc3ba2779ddae828f6db9b59432,North Vancouver Pet Hospital,Yes,Existing,Zoe,,,Urgent Care / Sick Pet,,Dani,ac9b7bd6,
CAL019842bc6d567e8a9a08f56661ade580,Moira Veterinary Clinic,Inconclusive,Existing,Katie,Caroline Stepzang,,Preventive Care – Vaccinations,,Justin,cafadee1,
CAL01983dc8eb047d0c87f7b35d359e43bf,Fisher Glen Animal Hospital,Yes,Existing,Keira,Mabel,,Surgical Services – Spays and Neuters,,Dani,01d8e208,
CAL019842c062437fb3bacc52396295bf5f,All About Pets Animal Hospital,Inconclusive,Existing,Alice,,,Retail – Prescriptions,,Justin,25c9db4f,
CAL01983dc9cd9578bcb23f980446801e2d,Moira Veterinary Clinic,Yes,Existing,Megan,Millie,,Preventive Care – Vaccinations,,Dani,4030be62,
CAL019842c36ccb701aa834ce02357b229e,Village Gate Animal Hospital,No,Existing,,Jamie Oliver,,Retail – Food Orders,,Justin,da6ef00d,
CAL00584c7b588f4128be84a13ff49dbe96,CVC,No,New,Kamila,Not shared,2. Scheduling Issue,Surgical Services – Spays and Neuters,,Mik,cb327b4d,
CAL01983dccf00073a6abb99a9d8ecbbeea,All About Pets,No,New,,,1. Caller Procrastination,Preventive Care – Vaccinations,,Dani,2273354f,
CAL0059cd46261848899dadd858b1297a7a,KAC,No,New,Tracy,Not shared,1a. Caller Procrastination - Price Objection / Shopping / Request for Quote,Surgical Services – Spays and Neuters,,Mik,96d73c22,
CAL01983dd17ca679299e743889795b1c86,All About Pets,No,New,,,1. Caller Procrastination,Preventive Care – Vaccinations,,Dani,e625b7d5,
CAL01983dd7b4fb7b26a32b656e17a3be71,All About Pets,No,New,,,1a. Caller Procrastination - Price Objection / Shopping / Request for Quote,Preventive Care – Vaccinations,,Dani,b51e9d25,
CAL01983dd8fd62772dbbf994a8dfbbea1d,Properties Animal Clinic,No,Existing,Candace,,1. Caller Procrastination,Diagnostic Services,,Dani,228aea4e,
CAL01983de08fe87116be4a1a8d27e0a1bb,Blue Sky Animal Hospital,No,New,Sarah,,2b. Scheduling Issue - Full schedule,Preventive Care – Vaccinations,,Dani,089447aa,
CAL01983dea810d7f5a8279d793160c1dbe,Welland Animal Hospital,Yes,Existing,Willow,,,Urgent Care / Sick Pet,,Dani,d482f32c,
CAL01983e004bb676fcb0fa57b2090bd7d5,McEwen-Frontenac Animal Hospital,Inconclusive,Existing,Pierre,Teddy,,Preventive Care,,Dani,61dc6621,
CAL01983e071f417da8ae1e9d6c52629ed1,Lynden Animal Clinic,Inconclusive,Existing,,,2. Scheduling Issue,Urgent Care / Sick Pet,,Dani,e5a2128c,
CAL01983e08e8667a5ba6c21c1a41d25d5b,Amberlea Animal Hospital,No,New,Misha,,3. Service/treatment not offered,Surgical Services,,Dani,6ab31e3f,
CAL01983e133d5f7ad2a3cb0b3e535501c1,Downtown Animal Clinic,Yes,Existing,,Sky & Lucy,,Preventive Care – Annual Exams,,Dani,36cf85cf,
CAL01983e13ed787f89b6fcb22c95327367,Mount Joy Animal Clinic,Yes,Existing,Jackie,,,Urgent Care / Sick Pet,,Dani,f73b4de2,
CAL01983e14ccd578439764a8624e0cf85c,Amberlea Animal Hospital,No,Existing,Misha,,1. Caller Procrastination,"Urgent Care – Diagnosis and Treatment of Illnesses (Vomiting, Diabetes, Infections)",,Dani,69ae959b,
CAL01983e1c0ec879a78db305987da2d765,Moira Veterinary Clinic,Inconclusive,Existing,Megan,,1. Caller Procrastination,Retail – Prescriptions,,Dani,2233b36a,
CAL01983e2184e178e9b3fe17f49faec4e3,Downtown Animal Clinic,No,Existing,Bethany,Ted,1c. Caller Procrastination - Getting information for someone else,Preventive Care – Vaccinations,,Dani,ed6357b5,
CAL01983e2422867f959671b47e55a9a933,Pickering Animal Hospital,Yes,Existing,,,,"Urgent Care – Diagnosis and Treatment of Illnesses (Vomiting, Diabetes, Infections)",,Dani,95f64382,
CAL01983e2762627dd7b284579353771e07,Moira Veterinary,No,New,Katie,,1a. Caller Procrastination - Price Objection / Shopping / Request for Quote,Surgical Services – Spays and Neuters,,Dani,9e5781d0,
CAL01983e33f48a78d6b3ed9017d2137200,Downtown Animal Clinic,No,Existing,,Chai,1. Caller Procrastination,Preventive Care,,Dani,7cfd6476,
CAL01983e3a38ca7bc7b7b724ede0335064,McEwen-Frontenac Animal Hospital,No,New,Kim,,1a. Caller Procrastination - Price Objection / Shopping / Request for Quote,Diagnostic Services,,Dani,eb040853,
CAL01983e3b8a7072f196c856e0fd8a780d,North Waterloo Vet Hospital,Yes,Existing,Jill,Eddie,,Retail – Prescriptions,,Dani,e1b39ba7,
CAL01983e3c5d6d77878e205728c223670f,Lynden Animal Clinic,No,Existing,Em,,1c. Caller Procrastination - Getting information for someone else,Urgent Care / Sick Pet,,Dani,06a8896f,
CAL019838cff3ac7123bc2a1196f0d7e85c,Don Valley,Yes,Existing,Amanda,Jordan,,"Preventive Care – Wellness Screening (Bloodwork, Urinalysis, Fecals)",,Adelaide,ce3ffdc7,
CAL01983e4b2ae27c14bc57500dc1710898,Pickering Animal Hospital,Yes,New,,,,"Preventive Care – Wellness Screening (Bloodwork, Urinalysis, Fecals)",,Dani,bc0e701c,
CAL019838d6b3467648a76309f04cb670e6,Moira Veterinary Clinic,Inconclusive,Existing,megan,,,Retail – Prescriptions,,Adelaide,51ecc5b7,
CAL01983e4bc087744b80d0eba1aa6c4c7c,North Vancouver Pet Hospital,No,New,,,1a. Caller Procrastination - Price Objection / Shopping / Request for Quote,Surgical Services – Spays and Neuters,,Dani,46178126,
CAL01983e506ca673d59ce66814af2201c4,Fisher Glen Animal Hospital,No,New,Ashley,,2a. Scheduling Issue - Walk ins not available / no same day appt,Dermatology,,Dani,af44e242,
CAL019838daaf5e7dc9af5f42649dcdf2e4,,Inconclusive,Existing,Siera,Demar,,"Preventive Care – Wellness Screening (Bloodwork, Urinalysis, Fecals)",,Adelaide,78525fd0,
CAL01983e52b9c0713b8cae673c6d1b52eb,McEwen-Frontenac Animal Hospital,Yes,Existing,Kim,Pumpkin,,"Urgent Care – Diagnosis and Treatment of Illnesses (Vomiting, Diabetes, Infections)",,Dani,7fd598f6,
CAL019838e00df07a8290a973aa6c6e471d,,Yes,Existing,Lucy,Teddy,,"Surgical Services – Dental Care (Cleanings, Extractions)",,Adelaide,5b9e10c7,
CAL01983e5389e47772a297fe6c3437a375,Pickering Animal Hospital,No,Existing,Victoria,,1. Caller Procrastination,Retail – Prescriptions,,Dani,c01c4719,
CAL01983e5af93178c4b84606e88ca650ea,Pickering Animal Hospital,No,Existing,,,1a. Caller Procrastination - Price Objection / Shopping / Request for Quote,Retail – Prescriptions,,Dani,f7b86b5b,
CAL019838e2e8477900af5f458ae4cf5493,Blue Sky Animal Hospital,No,New,JD,,2. Scheduling Issue,Preventive Care – Vaccinations,,Adelaide,8a793352,
CAL019838e5133f728f8e7390ef05981bc6,Blue Sky Animal Hospital,Yes,Existing,Sarah,Cooper,,Preventive Care – Annual Exams,,Adelaide,25692543,
CAL019838eb0e9c7a20a0d2e589280ff07b,Blue Sky Animal Hospital,Inconclusive,Existing,Sarah,,,Urgent Care / Sick Pet,,Adelaide,7ee49f6b,
CAL01983e6994c472809abcc39d13c9063f,Brandon Hills Veterinary Clinic,No,Existing,,Freya,1. Caller Procrastination,Urgent Care / Sick Pet,,Dani,61338939,
CAL019838ec50f97b3ea827c0d7066e0081,,Yes,Existing,,Orley,,Preventive Care – Vaccinations,,Adelaide,4d8d770b,
CAL019838edcbce714681b2f15569b21783,Pickering Animal Hospital,Inconclusive,Existing,Hailey,Lyla,,Retail – Prescriptions,,Adelaide,dbad5980,
CAL01983e69dbe07651aafc005545300154,Lynden Animal Clinic,No,Existing,Tabatha,Lyla,1c. Caller Procrastination - Getting information for someone else,Urgent Care / Sick Pet,,Dani,17e9fee0,
CAL019838ee40bd75d79ed3a09727199f16,,No,New,,,,Preventive Care,,Adelaide,0825b8d5,
CAL019838efe4a67e518932fd710a48ccb4,,Inconclusive,Existing,,Lucy,,Retail – Prescriptions,,Adelaide,fac5e81a,
CAL01983e6ada5471b6ad66cb72832ce068,Wellington Vet Services,Yes,Existing,Brittany,,,Preventive Care,,Dani,8fd0071c,
CAL01983e6dc1d77606a3c7a90877b9d5a6,Lincoln Animal Hospitala,No,New,Rachel,,1b. Caller Procrastination - Need to check with partner,Surgical Services – Spays and Neuters,,Dani,4ee63a99,
CAL005e941190aa4eeeb16b5520f59e8526,PAC,No,New,Not shared,Not shared,2. Scheduling Issue,Preventive Care – Vaccinations,,Mik,1db7c174,
CAL019838f21de27ed8a61c7b82572b4501,North Vancouver Pet Hospital,No,New,Danya,,1a. Caller Procrastination - Price Objection / Shopping / Request for Quote,Diagnostic Services – ECG or Blood Pressure Monitoring,,Adelaide,507afb89,
CAL019838ffcf307bd790431f1e3f32e766,Amberlea Animal hospital,No,New,Natalie,,1a. Caller Procrastination - Price Objection / Shopping / Request for Quote,"Surgical Services – Dental Care (Cleanings, Extractions)",,Adelaide,db401ce0,
CAL01983903cb0d7d2cb167c54ec307a550,,No,New,Lucy,,3c. Service/treatment not offered - Exotics,Urgent Care / Sick Pet,,Adelaide,d24eb781,
CAL00644c70bf09449a835487c3ddc673b2,PAH,Yes,Existing,Sarah,Cooper/Bentley,,Preventive Care – Parasite Prevention,,Mik,4ee830cb,
CAL01983e7371457f8ba2aa1cc6f5780df3,Quinte Regional Pet Hospital,No,New,,,3. Service/treatment not offered,"Surgical Services – Emergency Surgeries (Pyometra, C-Sections, GDV)",,Dani,ada1771a,
CAL0198390c573272ad8edafd3caef461ce,Fisher Glen Animal Hospital,Yes,New,Bailey,"Strawberry shortcake, Whipped Cream, Crumb, Ganache, Buttercream",,Preventive Care – Vaccinations,,Adelaide,2be3f733,
CAL0198390dd222713b90f8e58477149228,Pickering Animal Hospital,Yes,Existing,Lucy,Sophie,,Preventive Care – Vaccinations,,Adelaide,f4c9ccf0,
CAL00653e0d49dc40199c3e555625cb2117,BCAH,Yes,New,Shoshawna,Roxie,,"Urgent Care – Diagnosis and Treatment of Illnesses (Vomiting, Diabetes, Infections)",,Mik,176f33c0,
CAL0198390e184271aa88fdb761a30ed4b1,Properties Animal Clinic,Inconclusive,New,,,,Urgent Care / Sick Pet,,Adelaide,beb2f77d,
CAL01983e7aa4917009b24b689a8951a982,Lincoln Animal Hospital,Yes,New,Shannon,Kai,,Surgical Services – Spays and Neuters,,Dani,427e643a,
CAL01983914e3d17e06b3780b27b7ff711b,Wellington Vet Services,Inconclusive,Existing,Brittany,Buddy,,Retail – Prescriptions,,Adelaide,214310b1,
CAL0068dc66d062488fa1f4879724451050,BSAH,Yes,Existing,Sarah,Callie,,"Urgent Care – Internal Medicine Workups (Blood Tests, Imaging, Specialist Consults)",,Mik,57548834,
CAL006c0c3985f84e298f13d3d696ce8650,AAH,Yes,Existing,Neesha,Door,,Preventive Care – Vaccinations,,Mik,8bda5595,
CAL0198392628fc70e4b42d46b863b3890d,Lynden Animal Clinic,Yes,Existing,Tabitha,,,Urgent Care / Sick Pet,,Adelaide,a4e1856e,
CAL01983e869b097ba7958eabd71168a07a,Pickering Animal Hospital,No,Existing,,,6. Emergency care not offered,Emergency & Critical Care – Referred to an Emergency Hospital,,Dani,0491729b,
CAL0198392d6db1775da2feffd30d725c9c,,Inconclusive,Existing,Christina,Milo,,Retail – Prescriptions,,Adelaide,08bfbbae,
CAL00747d7c7e454434a6fbb219ddef83b0,LAC,Yes,Existing,Ashley,Finnegan,,Preventive Care – Vaccinations,,Mik,c68aba6c,
CAL0198393257cf7e9ab000e231050b0d92,McEwen Animal Hospital,No,Existing,Pierrer,,6. Emergency care not offered,Emergency & Critical Care – Referred to an Emergency Hospital,,Adelaide,4aa50574,
CAL007df41abd3e463298f55c7d7d733d9a,VGAH,Yes,New,Bella,Gracie,,Preventive Care – Vaccinations,,Mik,0b1a2e79,
CAL0198393c407d7e06af1969b1fbf5910f,Fisher Glen Animal Hospital,Yes,Existing,Bailet,Portia,,Dermatology – Ear Infections,,Adelaide,b6496d7f,
CAL00803d059d424bb296f8f9916a7115fd,KAC,Yes,Existing,Nicole,Archie,,Preventive Care – Vaccinations,,Mik,ab0b348d,
CAL00817a0b30d241d39d3953af8bdffd0e,LAC,Yes,Existing,Amanda,Blue & Birdie,,Preventive Care – Vaccinations,,Mik,5baa9016,
CAL0081cff67cb34ae0b30d1dc0b426d15c,BSAH,No,Existing,JD,Not shared,2. Scheduling Issue,Preventive Care – Parasite Prevention,,Mik,2f581293,
CAL019839456cd2707995c13445604374ae,North Vancouver Vet Hospital,Yes,Existing,,Carlos and Jeff,,Preventive Care – Vaccinations,,Adelaide,9f788d99,
CAL0198394a12727494b993186628c42fa4,North Vancouver Pet Hospital,No,Existing,Fajhid,Honey,1a. Caller Procrastination - Price Objection / Shopping / Request for Quote,Preventive Care – Vaccinations,,Adelaide,4fba1e37,
CAL0083311f69934f448c9bbac4cb31ed5e,PAH,Inconclusive,New,Dana,Not shared,1a. Caller Procrastination - Price Objection / Shopping / Request for Quote,End of Life Care – In-Clinic Euthanasia,,Mik,7967b6ef,
CAL01983e922b207da490a8fbd803d9ecad,Quinte Regional Pet Hospital,No,New,,,1. Caller Procrastination,Emergency & Critical Care,,Dani,b7c1df04,
CAL0198394fe92f75bd89f5c30da130643f,North Vancouver Pet Hospital,Yes,Existing,,,,Preventive Care – Vaccinations,,Adelaide,060af610,
CAL00848f2fc8ea47239cff6c6c1177f95a,FGAH,Yes,Existing,Sabrina,Halali,,Dermatology – Ear Infections,,Mik,a69e9b35,
CAL01983951dbe377eb8d5d7f7142e81509,North Vancouver Pet Hospital,No,Existing,,Norman,1c. Caller Procrastination - Getting information for someone else,Preventive Care,,Adelaide,d5061972,
CAL0198395352eb71d98060eabad90c64f8,North Vancouver Pet Hospital,Yes,Existing,,,,Preventive Care – Vaccinations,,Adelaide,23dadc32,
CAL0084da0fae0c4da6a7bfdabc646c5ba9,DAC,No,New,Claire,Not shared,1a. Caller Procrastination - Price Objection / Shopping / Request for Quote,Preventive Care – Vaccinations,,Mik,d168bbcf,
CAL0198395d1bca7ab99e53c0432b698045,Thomas Glen Erin Animal Hospital,Inconclusive,Existing,,Bumi,,Retail – Prescriptions,,Adelaide,3a40b5ea,
CAL008550503109471bb301dbdb52ea8453,WAH,Yes,Existing,Not shared,Terra,,Preventive Care – Annual Exams,,Mik,48c11874,
CAL0198396f004a7c9fa7982cab05237ddf,,No,Existing,,Gracie,2c. Scheduling Issue - Not open / no availability on evenings,Urgent Care / Sick Pet,,Adelaide,1edb1139,
CAL0198397eefb9704da9334e4087a45219,Lincoln Animal Hospital,No,New,Jayden,,1a. Caller Procrastination - Price Objection / Shopping / Request for Quote,Preventive Care – Vaccinations,,Adelaide,5dc97c2c,
CAL008a74d19188416cbd3be39780335bbb,AAP,No,New,Not shared,Not shared,4. Meant to call competitor hospital,Preventive Care,,Mik,33d9887d,
CAL019839950d247453a651bdee3ce9111e,Kitsilano Animal Clinic,Yes,Existing,Tracey,Bluebell,,Preventive Care – Vaccinations,,Adelaide,3fbf230c,
CAL008db269e7294a62a394fecdbe852724,TGEAH,Yes,Existing,Not shared,Leo,,Preventive Care – Annual Exams,,Mik,5dac24e3,
CAL008f2a090e7f4d42a4488a553045d64f,AC,Yes,New,Not shared,Obi & Arthur,,Preventive Care – Annual Exams,,Mik,809f1361,
CAL019839ae907d7353acdbcbd98d9acb3b,Quinte Regional Pet Hospital,No,New,Cheri,,6. Emergency care not offered,Emergency & Critical Care,,Adelaide,0252e0aa,
CAL00929b7f48514a6b85c94fad4b997d9f,MVC,No,Existing,Not shared,Prince,2b. Scheduling Issue - Full schedule,"Urgent Care – Diagnosis and Treatment of Illnesses (Vomiting, Diabetes, Infections)",,Mik,f859bec9,
CAL01983a07163d7f73987f1ff2e4adf3c1,Kingston Regional Pet Hospital,Yes,New,,,,"Emergency & Critical Care – Stabilization (Trauma, Poisoning, Seizures)",,Adelaide,ebdc4027,
CAL01983a0e1a2f721d926584589b973374,Lincoln Animal Hospital,Inconclusive,Existing,Jayda,,,Retail – Food Orders,,Adelaide,2e0ccc05,
CAL01983a22408b7b5ea81886924eb0e376,Kingston Regional Pet Hsopital,No,New,,,1a. Caller Procrastination - Price Objection / Shopping / Request for Quote,End of Life Care – In-Clinic Euthanasia,,Adelaide,c4ed0113,
CAL01983c51ac917d4497cd5ad7f647d593,,Yes,Existing,,Earl,,Preventive Care,,Adelaide,3408ec16,
CAL009fecf1e3dc43fcb124f083b4886d34,VGAH,No,Existing,Sarah,Emmanuel,1. Caller Procrastination,Preventive Care,,Mik,5809978f,
CAL01983c528c917e7ba4b35fcbbe02927f,Paradise Animal Hospital,Yes,Existing,Kendra,Peaches,,Preventive Care,,Adelaide,8aae7fac,
CAL01983c55888b7652b02efbb6a54752ba,Paradise Animal Hospital,Inconclusive,Existing,Kendra,Sophie,,Retail – Prescriptions,,Adelaide,d148e1aa,
CAL01983c5772447f23b09a04afb1080ca2,Fisher Glen Animal Hospital,No,New,Kira,,2d. Scheduling Issue - Not open / no availability on weekends,Urgent Care / Sick Pet,,Adelaide,1f6e6d1d,
CAL00a33094c71445c3896aac927ab0c6b9,PAH,No,New,Not shared,Not shared,1a. Caller Procrastination - Price Objection / Shopping / Request for Quote,Diagnostic Services – X-Rays (Digital Radiography),,Mik,cfaf454a,
CAL01983c5855777a33a8de73d04e194d96,,No,New,Amanda,,1a. Caller Procrastination - Price Objection / Shopping / Request for Quote,Surgical Services – Spays and Neuters,,Adelaide,9a75e653,
CAL01983c5f5b777033b267894dde732a41,,Inconclusive,Existing,Amanda,,,Preventive Care – Vaccinations,,,8fea59b4,
CAL01983c6025277d2d8afea7756aacc533,,No,Existing,,Ripo,2c. Scheduling Issue - Not open / no availability on evenings,"Urgent Care – Diagnosis and Treatment of Illnesses (Vomiting, Diabetes, Infections)",,Adelaide,05b599ee,
CAL01983c6119d87102a24253225a449a30,Paradise Animal Hospital,Inconclusive,Existing,Kendra,Jax,,Preventive Care,,Adelaide,800820a8,
CAL01983c6519027f208da88940f01ec576,Paradise Animal hospital,Yes,Existing,Jessica,Zoey,,Preventive Care,,Adelaide,e611571d,
CAL00b175c88b6d4b20a8f2ecb4d226d689,MJAC,Yes,Existing,Unintelligible,Bella,,Preventive Care,,Mik,2f324b01,
CAL01983c6d5f9f7c0d8241b7a8f1152205,Pickering Animal Hospital,Inconclusive,Existing,Heather,Mouse,,Retail – Prescriptions,,Adelaide,41846dbd,
CAL01983c6e3a60784488bd2e15b2bda982,McEwen-Frontenac Animal Hospital,Yes,Existing,Tara,Gracie,,"Urgent Care – Diagnosis and Treatment of Illnesses (Vomiting, Diabetes, Infections)",,Adelaide,39c11a18,
CAL01983c728a407262be58ff48a2c91262,Fisher Glen Animal Hospital,Yes,Existing,Kira,Scoville,,Preventive Care – Vaccinations,,Adelaide,2db17552,
CAL01983c7b7c887d39b7cdf91a6d370d63,Paradise Animal Hospital,Yes,Existing,Kendra,Nala,,"Urgent Care – Diagnosis and Treatment of Illnesses (Vomiting, Diabetes, Infections)",,Adelaide,f82aafb6,
CAL01983c7ddf45755696aa13a858a9021e,,Inconclusive,Existing,Stella,,,Urgent Care / Sick Pet,,Adelaide,ca9087f4,
CAL00bf0e33a835402c8e1ab317b17d16ce,PAH,Yes,Existing,Not shared,Tobey,,Urgent Care / Sick Pet,,Mik,240d2590,
CAL01983c8583bf7d6fb66ba1e565a9271a,Paradise Animal Hospital,Yes,Existing,Kendra,,,Dermatology – Ear Infections,,Adelaide,98d1de45,
CAL01983c864fd27568be700962b74f5c65,Fisher Glen Animal Hospital,Yes,Existing,Kira,Murray,,End of Life Care – In-Clinic Euthanasia,,Adelaide,a6633e5f,
CAL01983c8a3e137c2d915449118f89a10b,Moira Veterinary Clinic,Inconclusive,Existing,Mega,,,Retail – Food Orders,,Adelaide,e969ed68,
CAL00c4d944580b454fa32ba23e0a439d9f,EHAH,No,New,Sierra,,1a. Caller Procrastination - Price Objection / Shopping / Request for Quote,End of Life Care – In-Clinic Euthanasia,,Mik,85611861,
CAL01983c8f81f274f4a1dc45d0ac0f76d8,Thomas Glen Erin Animal Hospital,Inconclusive,Existing,,Ace,,Retail – Food Orders,,Adelaide,3b3834d0,
CAL00cc318557b84211830f8f9165abff38,PAH,Yes,Existing,Unintelligible,Kiwi,,Dermatology – Ear Infections,,Mik,238333c9,
CAL01983c91ddb27cdf909c91480c30cc38,Paradise Animal hospital,Inconclusive,Existing,Jessica,Mila,,Preventive Care,,Adelaide,114ad87b,
CAL01983c93866b7a8eae191e0a6131377b,Mount Joy Animal Clinic,Yes,New,Ava,Mochi,,Preventive Care – Vaccinations,,Adelaide,59aa474d,
CAL00d3bb91c37c494dae58d1f03970cf7c,PAH,Yes,New,Jessica,Bridey,,Surgical Services – Spays and Neuters,,Mik,9c7b6c15,
CAL01983c97faa873ab801b402713d9ebc2,Moria Veterinary Clinic,Inconclusive,Existing,katie,easton,,Preventive Care – Vaccinations,,Adelaide,66f0841d,
CAL01983c9d4de5796c89ff6f7ce0039ef6,Caledonia Veterinary Clinic,Inconclusive,Existing,Hailey,Paul,,Retail – Prescriptions,,Adelaide,af587c61,
CAL01983ca233d779229650c9b90b04243e,,Inconclusive,Existing,,Kimick,,Retail – Prescriptions,,Adelaide,52727b68,
CAL00ddc5b018204683a8005f80fb0cb08d,BRVH,No,Existing,April,Atticus,1. Caller Procrastination,Preventive Care – Parasite Prevention,,Mik,47180948,
CAL01983ca46dd47a23b2b6b60ce2930f00,McEwen - Frontenac Animal Hospitak,Yes,Existing,Kim,Earl,,Preventive Care,,Adelaide,27eb9843,
CAL01983ca8cf2c7fb28b73d321dae08325,McEwen - Frontenac Animal Hospital,Yes,Existing,Kim,Stella,,"Urgent Care – Diagnosis and Treatment of Illnesses (Vomiting, Diabetes, Infections)",,Adelaide,424165bd,
CAL00e3726d100f45e8913c8f8dfb2fd4ce,KRPH,No,New,,Broom,1. Caller Procrastination,Emergency & Critical Care,,Mik,5bed93aa,
CAL01983cab17d17ad086b88f72d9b90657,Paradise Animal Hospital,No,New,Jessica,,1a. Caller Procrastination - Price Objection / Shopping / Request for Quote,Surgical Services – Spays and Neuters,,Adelaide,3291b32f,
CAL01983cac376972818d9cef6bb1cba1fe,Village Gate Animal Hospital,Yes,New,,Amore,,Preventive Care – Vaccinations,,Adelaide,4a71095d,
CAL01983cb43f7e72a89434d993eb4ed3c3,Blue Sky Animal Hospital,Yes,Existing,JD,Baker,,Preventive Care,,Adelaide,3fff1796,
CAL01983cb934ad7b1c9dbe4fea75313ada,Moira Veterinary Clinic,Inconclusive,Existing,Megan,Darryl,,Retail – Prescriptions,,Adelaide,8644174a,
CAL01983cbae1a6793299e3d3fad309374c,Pickering Animal Hospital,Yes,Existing,Michelle,Loki,,Surgical Services,,Adelaide,cdf16754,
CAL01983cbd63607bf58cd9f32d6b1a77ac,Brandon Hills Veterinary Clinic,Yes,Existing,Julannie,Veal,,Urgent Care / Sick Pet,,Adelaide,c632e0b0,
CAL01983cc022317c228e60e028acc64816,Brandon Hills Veterinary Clinic,Yes,New,Carol,Atlas,,"Preventive Care – Wellness Screening (Bloodwork, Urinalysis, Fecals)",,Adelaide,667aa3a7,
CAL01983cc3c8667fcd80755cae64844bb9,Pickering Animal Hospital,Inconclusive,Existing,Amanda,,,Retail – Food Orders,,Adelaide,4f79c872,
CAL01983cc519197d11b51db3adc8a2251c,Englehart Animal Hopsital,Inconclusive,Existing,Kira,,,Preventive Care – Vaccinations,,Adelaide,938d3dd0,
CAL01983cc719c27f46a8b5821f88c167f3,Moira Veterinary Clinic,No,New,Megan,,2b. Scheduling Issue - Full schedule,Urgent Care / Sick Pet,,Adelaide,c56f1854,
CAL01983cc93b1870e4abedb28f5c7c1b75,Brandon Hills Veterinary Clinic,Inconclusive,Existing,Casandra,Danny,,Retail – Prescriptions,,Adelaide,29138317,
CAL01983cc960837ff18770ceb267670c87,Properties Animal Clinic,Inconclusive,Existing,Jen,Milo,,Retail – Prescriptions,,Adelaide,60c6e2d4,
CAL01983ccb781c779e93e882092ee5b3fa,Moira Veterinary Clinic,Yes,Existing,Megan,,,"Emergency & Critical Care – Fluid Therapy, Oxygen Therapy, Intensive Monitoring",,Adelaide,fb250b0a,
CAL01983ccceddd7f4abe511966c66e1954,Blue Sky Animal Hospital,Yes,Existing,sarah,Buddha,,Urgent Care / Sick Pet,,Adelaide,af913c60,
CAL01983ccf32937298a61b354edab13ca4,Paradise Animal Hospital,No,Existing,Jen,Jasper,,Preventive Care – Vaccinations,,Adelaide,7bbcd785,
CAL01983cd083ec7ee99f9925cfb1646fcc,Blue Sky Animal Hospital,Yes,Existing,Sarah,Bandit,,Dermatology – Ear Infections,,Adelaide,bd6329e8,
CAL01983cd863027801aa89e3bed2c196e6,Paradise Animal Hospital,Inconclusive,Existing,Jill,,,Retail – Food Orders,,Adelaide,e1b7c24f,
CAL01983cd9b0787775b704b2948440c287,Caledonia Veterinary Clinic,No,New,Kelly,,1a. Caller Procrastination - Price Objection / Shopping / Request for Quote,Preventive Care – Vaccinations,,Adelaide,5180ff17,
CAL01983cdb03697dc38868335ccdc45ff8,Lynden Animal Clinic,Inconclusive,Existing,Holly,Harriet,,End of Life Care – In-Clinic Euthanasia,,Adelaide,08d23878,
CAL01983ce012417e8b96aa826b5a362b67,Caledonia Veterinary Clinic,No,New,Kelly,,1a. Caller Procrastination - Price Objection / Shopping / Request for Quote,Preventive Care,,Adelaide,65c730f7,
CAL01983ce59450749db5d91f11b08af414,Paradise Animal Hospital,Inconclusive,Existing,Jessica,Lydia,,Surgical Services – Spays and Neuters,,Adelaide,0e7bd56a,
CAL01983ce5f93f76e7912a3dafeb682926,Pickering Animal Hospital,Inconclusive,Existing,Michelle,,,Retail – Prescriptions,,Adelaide,c8d3263c,
CAL01983ce7759d70d3aaa0ed0552675170,McEwen-Frontenac Animal Hospital,Yes,Existing,Hailey,Duke,,Preventive Care – Vaccinations,,Adelaide,a4edfa38,
CAL01983ce94ced76b8a7a8bbe416af0f65,Lynden Animal Clinic,Yes,Existing,Holly,Addy and River,,Preventive Care – Vaccinations,,Adelaide,0de1c99c,
CAL01983ced7cbc7e5a83af5831511dc016,Paradise Animal Hospital,Yes,Existing,Jessica,Charlie,,Emergency & Critical Care,,Adelaide,86f1f0b5,
CAL00a0052f044140e2ab2535a85367c137,Yes,No,Existing,,No,,End of Life Care,,Caitlin,3baf2928,
CAL00653e0d49dc40199c3e555625cb2117,Yes,Yes,New,Jessica,Yes,,Urgent Care / Sick Pet,29/11/2025,Caitlin,1f4142fa,
CAL00653e0d49dc40199c3e555625cb2117,Yes,Yes,New,Shoshawna,Yes,,Urgent Care / Sick Pet,,Caitlin,757a43a2,
CAL00057325c1924ef5be1874417c20b262,Yes,Yes,Existing,Not mentioned,No,,Preventive Care,,Caitlin,9a436a46,
CAL019842c63db67c76b3294fd1868c20b0,Amberlea Animal Hospital,No,Existing,Natalie,Wendy (Trudy's mom),,Retail – Prescriptions,,,c74cdd9e,
CAL01984749748b7815a984f39f81289ceb,,Inconclusive,Existing,,Zucca,,Urgent Care / Sick Pet,,Adelaide,f6328efe,
CAL0198474f71527d66a4720d87f0fc52d0,,Yes,Existing,,Oz,,Preventive Care – Vaccinations,,Adelaide,38789bd4,
CAL01984750447c753b8663b462773b80b1,Okotoks Veterinary,No,Existing,Linda,Frankie and Smudge,2b. Scheduling Issue - Full schedule,Preventive Care,,Adelaide,5e426c34,
CAL01983eb0d4f173d08e462f24ce4c00de,North Vancouver Pet Hospital,Inconclusive,Existing,,Woodford,1. Caller Procrastination,Retail – Prescriptions,,Dani,9203b66c,
CAL019842c9c9f173558a2c739ed47dbca0,North Vancouver Pet Hospital,No,Existing,Zoey,,,Retail – Prescriptions,,Justin,56862134,
CAL0198475c983f71f6a1eb26f4b5112437,,Inconclusive,Existing,,Tora,2c. Scheduling Issue - Not open / no availability on evenings,Urgent Care / Sick Pet,,Adelaide,96e3a294,
CAL01984763ed9278ba8eb97ae37cad5263,,No,Existing,,Ivy,,Urgent Care / Sick Pet,,Adelaide,1b9cd89c,
CAL019842cc2dc17b22b6f8ce191039db67,North Vancouver Pet Hospital,Inconclusive,Existing,Zoey,Dita,,Diagnostic Services,,Justin,af51cc51,
CAL01983ebdc99a7a2abd9c8b4c530fbd2e,North Vancouver Pet Hospital,No,New,Zoe,,4. Meant to call competitor hospital,Preventive Care,,Dani,88bdf456,
CAL019842d3758878689a3b16c07157b109,McEwen-Frontenac Animal Hospital,Yes,Existing,Kim,Tindwal,,Preventive Care – Vaccinations,,Justin,903f831e,
CAL019847645e0072cbac01b7fb21e7befc,Eagle Hill Animal Hospital,No,Existing,,Steven,1a. Caller Procrastination - Price Objection / Shopping / Request for Quote,End of Life Care – In-Home Euthanasia,,Adelaide,87587841,
CAL019842d962e17e30a9da10286b01e17b,Lynden Animal Clinic,Yes,New,Holly,Bullet,,"Preventive Care – Wellness Screening (Bloodwork, Urinalysis, Fecals)",,Justin,f5c288dd,
CAL01983ebf473272ee95db5d1c1c7e3d1f,Kingston Regional Pet Hospital,No,New,,,2. Scheduling Issue,Urgent Care / Sick Pet,,Dani,ff06b091,
CAL019842da78f77bcaaa62bbe01b1052bd,Moira Veterinary Clinic,No,New,Katie,,2a. Scheduling Issue - Walk ins not available / no same day appt,"Urgent Care – Diagnosis and Treatment of Illnesses (Vomiting, Diabetes, Infections)",,Justin,0a80dc91,
CAL019842df25d57c4aa3ec337ad85897f1,McEwen-Frontenac Animal Hospital,No,New,,,3. Service/treatment not offered,Dermatology,,Justin,8fd99058,
CAL019842e0edda7de0afc75eed7013a669,Don Valley Animal Hospital,No,New,Trisha,,,Retail – Food Orders,,Justin,54940d9b,
CAL01983ece49eb7410b9cfe01f31421fb6,North Vancouver Pet Hospital,No,New,Zoe,,1a. Caller Procrastination - Price Objection / Shopping / Request for Quote,"Urgent Care – Internal Medicine Workups (Blood Tests, Imaging, Specialist Consults)",,Dani,81cb1b84,
CAL0198476fc4ce75af90b4eb2ee0c10274,Downtown Animal Clinic,No,New,,,1a. Caller Procrastination - Price Objection / Shopping / Request for Quote,Surgical Services – Spays and Neuters,,Adelaide,18be1384,
CAL019842ef2e1872c1955f2429bdd6b6b3,Moira Veterinary Clinic,Yes,New,Megan,Megan,,"Preventive Care – Wellness Screening (Bloodwork, Urinalysis, Fecals)",,Justin,89a481f5,
CAL01984776d3957efb865057f89639d04d,Kitsilano Animal Clinic,No,Existing,Annaleigh,Zucca,2b. Scheduling Issue - Full schedule,Urgent Care / Sick Pet,,Adelaide,6863ee76,
CAL0198478421927965adb7b7548ceb4eda,Downtown Animal Clinic,Inconclusive,New,,,,Retail – Prescriptions,,Adelaide,97174aee,
CAL01984789413e7c08a30c38e02d045b61,Kingston Regional Pet Hospital,Yes,New,,,,"Emergency & Critical Care – Stabilization (Trauma, Poisoning, Seizures)",,Adelaide,3ac614e0,
CAL0198478961847f978f1350fd82f594d1,North Vancouver Pet Hsopital,Yes,Existing,Zoey,Oz,,Preventive Care – Vaccinations,,Adelaide,2fdf73bd,
CAL0198478caff37353844734e1ecbc9ec9,Kingston Regional Pet Hospital,Yes,New,,Milly,,Urgent Care / Sick Pet,,Adelaide,ee811021,
CAL019847992ed6739fb87a81f4a3583608,Pickering Animal hospital,Yes,Existing,Heather,Two Tone,,"Diagnostic Services – In-House or Reference Lab Testing (Blood, Urine, Fecal, Cytology)",,Adelaide,7431354d,
CAL01983efc28d1755c90c39e76cb9b7386,Quinte Regional Pet Hospital,No,New,,,1a. Caller Procrastination - Price Objection / Shopping / Request for Quote,Urgent Care / Sick Pet,,Dani,dacb4ac1,
CAL0198479f880072709f3c81427edcdf00,North Vancouver Pet Hospital,No,New,yes,Tapia,3c. Service/treatment not offered - Exotics,Urgent Care / Sick Pet,,Adelaide,e8b5b883,
CAL01983f3e55337e96a0c4d02148416fb5,Kingston Regional Pet Hospital,No,New,,,1. Caller Procrastination,Urgent Care / Sick Pet,,Dani,47824d42,
CAL01983fe266137fb3a294e0c8c0defa79,Kingston Regional Pet Hospital,Yes,New,,,,Emergency & Critical Care,,Dani,4ea5b170,
CAL019847a2e17171a3a36e48a4eef1658c,Lincoln Animal Hospital,Yes,Existing,Fashid,,,Urgent Care / Sick Pet,,Adelaide,ebf9f980,
CAL019842faa3e772e586a2078301e4701d,North Vancouver Pet Hospital,No,Existing,Zoey,Daisy,,Retail – Prescriptions,,Justin,22820f4e,
CAL019847b9fca7703485b022e64316760c,Pickering Animal Hospital,No,New,Heather,,1a. Caller Procrastination - Price Objection / Shopping / Request for Quote,Preventive Care – Vaccinations,,Adelaide,d9e425d2,
CAL019842fb7093779e8e509ea60f88cb53,Moira Veterinary Clinic,Yes,Existing,Katie,Erin Well,,Preventive Care – Vaccinations,,Justin,bbed24b2,
CAL019847ba6f8a79628a0cd480a448a37a,Thomas Glen Animal hospital,No,New,,,1a. Caller Procrastination - Price Objection / Shopping / Request for Quote,"Preventive Care – Wellness Screening (Bloodwork, Urinalysis, Fecals)",,Adelaide,99f6241d,
CAL01984303841e722f8668c13d8e27590e,Pickering Animal Hospital,Yes,Existing,,Diego and Django,,Preventive Care – Vaccinations,Justin,,f2d6edc3,
CAL0198417a777573c58a245b6cad2dece6,Wellington Veterinary Services,No,New,Crissy,,2b. Scheduling Issue - Full schedule,Urgent Care / Sick Pet,,Dani,4f811ca8,
CAL019847d037f27a6cae03352c3185ba30,Kingston Regional Pet Hospital,Inconclusive,Existing,,,,Urgent Care / Sick Pet,,Adelaide,0769da93,
CAL019843071c687ad58881bba98d37fbfa,Clinique Vétérinaire de la Gatineau (Chelsea),Yes,Existing,,Sharon Lepins,,Diagnostic Services,,Justin,376b3d48,
CAL019847d1ca5e77fb9a0600d80784f9ca,Kingston Regional Pet hospital,Inconclusive,New,,,,Urgent Care / Sick Pet,,Adelaide,6247d5ff,
CAL01984323a453744283568614b11d4141,Properties Animal Clinic,Yes,Existing,Jen,Toga,,"Preventive Care – Wellness Screening (Bloodwork, Urinalysis, Fecals)",,Justin,bf4ddc3a,
CAL019847e3015077fc9acaa9d677f8a0a8,Kingston Regional Pet Hospital,No,New,,,,Urgent Care / Sick Pet,,Adelaide,da921b93,
CAL0198432a382f7871acfc9a89363c76d6,Pickering Animal Hospital,Inconclusive,Existing,,Denis Kato (Ivy),,Diagnostic Services,,Justin,8bb05220,
CAL019841b7190b7cb29eed59d1965436a7,Caledonia Veterinary Clinic,Yes,Existing,Kayla,,,Urgent Care / Sick Pet,,Dani,ac129251,
CAL019847e7892c77adb1fa1d3bdb0b0a37,Pickering Animal Hospital,Yes,Existing,Heather,Lily,,Urgent Care / Sick Pet,,Adelaide,cbe5093c,
CAL019843360d8c7d17afea530b84eb0860,North Vancouver Pet Hospital,No,Existing,Zoey,,,Retail – Prescriptions,,Justin,4bf0e6d5,
CAL019847e8351073f5b10dbd1daf7a4083,North Vancouver Pet Hsopital,No,New,Zoey,,3c. Service/treatment not offered - Exotics,Urgent Care / Sick Pet,,Adelaide,5de54d50,
CAL0198433b07467f089310676baa20aa56,Pickering Animal Hospital,Inconclusive,Existing,,Jennifer Grey (Fin),,Diagnostic Services,,,5bda6240,
CAL019843478f067634b180740f68790a75,Blue Sky Animal Hospital,No,New,JD,,2b. Scheduling Issue - Full schedule,Preventive Care – Vaccinations,,Justin,df04e701,
CAL019848037cc1761784113355c763b72a,Kingston Regional Pet Hospital,No,Existing,,,1c. Caller Procrastination - Getting information for someone else,Urgent Care / Sick Pet,,Adelaide,63ea0520,
CAL019848121a577409ae539d0b1f95a9d6,North Vancouver Pet hospital,Inconclusive,Existing,Zoey,Monty,,Retail – Prescriptions,,Adelaide,2c28fad5,
CAL019841c2745a79b2919d9d14d8f89787,Pickering Animal Hospital,Yes,Existing,Leslie,Tesla,,"Urgent Care – Diagnosis and Treatment of Illnesses (Vomiting, Diabetes, Infections)",,Dani,2f5cbe9e,
CAL0198434b35a47e8895ead621dd410dbd,Caledonia Veterinary Clinic,Yes,Existing,Kayla,Berry Chevy,,"Preventive Care – Wellness Screening (Bloodwork, Urinalysis, Fecals)",,Justin,ee86cf4f,
CAL019841c4ba1b721dbc51f7aa7b507cab,Moira Veterinary Clinic,No,New,Katie,,3g. Service/treatment not offered - Pocket Pets,Preventive Care,,Dani,06b70436,
CAL0198481b99eb767a890f8febab7b9b06,Kingston Regional Pet Hospital,Yes,New,,,,Urgent Care / Sick Pet,,Adelaide,15fe7948,
CAL0198434f2438726fbfca20582326abbe,Thomas Glen Erin Animal Hospital,No,New,,,4. Meant to call competitor hospital,Diagnostic Services,,Justin,48ad15ec,
CAL019843511c49758db0fde8933501c1ad,Blue Sky Animal Hospital,Inconclusive,Existing,Janine,Dakota (Texas),,Retail – Prescriptions,,Justin,d80087d8,
CAL0198483d88767c34ac259ba30bbff96f,Kitsilano Animal Clinic,Inconclusive,New,Emily,,,Emergency & Critical Care – Referred to an Emergency Hospital,,Adelaide,58462b1f,
CAL019841c58d1a77e9a83fcaf2b4384839,Blue Sky Animal Hospital,No,New,JD,Taz,2b. Scheduling Issue - Full schedule,Dermatology – Ear Infections,,Dani,9ceaf07d,
CAL0198484c9ab17f3da9211ddf1389b1ce,,Yes,Existing,,Atlan,,Preventive Care – Vaccinations,,Adelaide,c7180332,
CAL0198484ea4067701a4ecdd10460c1b41,Kitsilano Animal Clinic,No,New,Emily,,,Emergency & Critical Care – Referred to an Emergency Hospital,,Adelaide,eb6c9e39,
CAL019841cb2853703a9492a4a3b7de2bb4,Blue Sky Animal Hospital,No,Existing,JD,Buddha,2. Scheduling Issue,Urgent Care / Sick Pet,,Dani,7d0c4d63,
CAL0198487616f37f50bed33c54d7b94b0b,North Vancouver Pet Hospital,Yes,Existing,Zoey,Cookie,,"Urgent Care – Diagnosis and Treatment of Illnesses (Vomiting, Diabetes, Infections)",,Adelaide,866c00cd,
CAL019841cf2a8d710da314d1261380c2d9,Caledonia Veterinary Clinic,Yes,Existing,Kayla,,,Urgent Care / Sick Pet,,Dani,0b54ed4f,
CAL0198489d55f279dfbac2099292a164e3,Quinte Regional Pet Hospital,No,New,Sarah,,1c. Caller Procrastination - Getting information for someone else,Urgent Care / Sick Pet,,Adelaide,a1245353,
CAL0198435ad2217722b78a0c65d52310df,Lincoln Animal Hospital,No,New,Shannon,,2b. Scheduling Issue - Full schedule,Diagnostic Services,,Justin,ff171a48,
CAL019841d8dc337f40b883a6e7a8cbe4fd,Amberlea Animal Hospital,No,New,Natalie,,1a. Caller Procrastination - Price Objection / Shopping / Request for Quote,Preventive Care,,Dani,3ea2fb6a,
CAL0198436eac877222a50c6e3b41c700e0,Kingston Regional Pet Hospital,Inconclusive,New,,,,"Surgical Services – Soft Tissue Surgeries (Lump Removals, Bladder Stone Removal, Wound Repair)",,Justin,a81029ef,
CAL01984371a3e676aa8627977694522de5,Pickering Animal Hospital,No,Existing,Heather,,,Retail – Food Orders,,Justin,34138bce,
CAL019841e1ad95791ea09802341cc01fc7,,Yes,Existing,,Finn,,Urgent Care / Sick Pet,,Dani,300db994,
CAL0198489defed765492b0bd05f8b28fba,Quite Regional Pet Hospital,Yes,New,Cherie,,,Urgent Care / Sick Pet,,Adelaide,6deb82ba,
CAL019843720d107400a35f70e2b1467a9d,Quinte Regional Pet Hospital,Inconclusive,New,Sarah,Binx,,Diagnostic Services,,Justin,e1232974,
CAL019841e220cc744dbf8820d5386b398e,McEwen-Frontenac Animal Hospital,No,Existing,Kim,,1a. Caller Procrastination - Price Objection / Shopping / Request for Quote,Retail – Food Orders,,Dani,75412259,
CAL019848e3cec87349981fdf25f3e3c0e3,All About Pets,No,Existing,Lisa,,1a. Caller Procrastination - Price Objection / Shopping / Request for Quote,Urgent Care / Sick Pet,,Adelaide,02a144c7,
CAL01984377cd9074ceb520c94c3c6f5a6e,Eagle Hill Animal Hospital,No,New,,,,Dermatology – Ear Infections,,Justin,e66bb0e7,
CAL019841f1d7d274f0b93002a2edfe4945,Blue Sky Animal Hospital,Yes,Existing,Sarah,,,Urgent Care / Sick Pet,,Dani,3c46481a,
CAL019848e7fc1d74c0a04e3c3ced708013,Kingston Regional Pet Hospital,Yes,New,,,,"Emergency & Critical Care – Stabilization (Trauma, Poisoning, Seizures)",,Adelaide,29b07b8c,
CAL01984382132c74e1bbadc32edf04b7dd,Kingston Regional Pet Hospital,Yes,New,,,,Urgent Care / Sick Pet,,Justin,5a72bda2,
CAL019841f544877c98a0db415820166240,Moira Veterinary Clinic,Yes,Existing,Amanda,,,Preventive Care,,Dani,9ebb4a8c,
CAL019848f7f1c67f9aa29e2e50b557dd53,Kingston Regional Pet Hospital,Yes,New,,Buddy,,"Emergency & Critical Care – Stabilization (Trauma, Poisoning, Seizures)",,Adelaide,de0b6e55,
CAL019843916c627f30a8a7be49de9ec12f,Quinte Regional Pet Hospital,Inconclusive,New,Cherie,,,Diagnostic Services,,Justin,5e9f52aa,
CAL019841f5c92b7206a8ac8ea6178272d9,Paradise Animal Hospital,No,Existing,Jessica,,3. Service/treatment not offered,End of Life Care,,Dani,8f8486fd,
CAL019843922eed72b6ad835c1f3c6afcb6,Downtown Animal Clinic,Inconclusive,New,Bethany,Sye,,Preventive Care – Vaccinations,,Justin,b248dd51,
CAL019848fce3c07e9787bba2ebb4f00fc6,Quinte Regional pet Hospital,Yes,Existing,Sarah,,,Urgent Care / Sick Pet,,Adelaide,6874d8a1,
CAL0198490ce41a70818cb60f3ab5a0acc6,Kitsilano Animal Clinic,Inconclusive,Existing,Annaleigh,Pirate,,Retail – Food Orders,,Adelaide,681c6e77,
CAL019843a69d1c737fa95a1b8d68279394,Quinte Regional Pet Hospital,Yes,New,,,,Diagnostic Services,,Justin,86c184ef,
CAL01984201fb65711b808f457e72d7bbfa,Blue Sky Animal Hospital,Inconclusive,Existing,Sarah,,,Preventive Care,,Dani,d610a8a1,
CAL019843b3c5fd73078f1a9cdb86e4c56f,Quinte Regional Pet Hospital,Yes,New,Sarah,,,"Surgical Services – Soft Tissue Surgeries (Lump Removals, Bladder Stone Removal, Wound Repair)",,Justin,c56a5937,
CAL01984206c1df7101bd823c1e1ed74f28,Belmont Veterinary Services,No,New,Ashley,,1a. Caller Procrastination - Price Objection / Shopping / Request for Quote,Surgical Services – Spays and Neuters,,Dani,e012603c,
CAL019843b6caae7dbbb6d6c8cd65de7098,Pickering Animal Hospital,No,Existing,,Stanley Bull,,Retail – Prescriptions,,Justin,f2231e7e,
CAL0198491c0f097424bc2949bfb8178bb0,Kingston Regional Pet Hospital,No,New,,,,"Emergency & Critical Care – Stabilization (Trauma, Poisoning, Seizures)",,Adelaide,3ecde45f,
CAL019843ba3e9b79a99385212fbc493c4b,Quinte Regional Pet Hospital,Yes,New,,Tosh,,"Surgical Services – Soft Tissue Surgeries (Lump Removals, Bladder Stone Removal, Wound Repair)",,,ef17fdcf,
CAL019843c63e587bf88ee13e0f7a4e34a6,Pickering Animal Hospital,Inconclusive,Existing,,,,Diagnostic Services,,Justin,440f1c7e,
CAL0198499d874070f18445f5efce0cc46c,Kingston Regional Pet Hospital,Inconclusive,New,,,,"Emergency & Critical Care – Stabilization (Trauma, Poisoning, Seizures)",,Adelaide,14c47d10,
CAL01984213b6507b68934000ad0f96bc4c,,Inconclusive,Existing,,,,Retail – Prescriptions,,Dani,b5d6177b,
CAL019849a8e0747457bf3a9a7d1108a135,Kingston Regional Pet Hospital,Inconclusive,New,,,,Urgent Care / Sick Pet,,Adelaide,6b3ca688,
CAL019849ad7f04771b8e04f5c19a75ea37,Quinte regional pet hospital,Inconclusive,Existing,,Herman,,Urgent Care / Sick Pet,,Adelaide,3b9ec761,
CAL019843df1f8b7787b36266fd14c31658,North Vancouver Pet Hospital,Inconclusive,Existing,Zoey,,,Retail – Prescriptions,,Justin,44986ec4,
CAL019843ed6b2f734c9241a08c86b0fd00,Kingston Regional Pet Hospital,Yes,New,,Mark McCann,,Surgical Services,,Justin,76e0a15a,
CAL01984217f6407029a778b2a720816325,Vétérinaire Chelsea,No,New,,,2. Scheduling Issue,"Urgent Care – Diagnosis and Treatment of Illnesses (Vomiting, Diabetes, Infections)",,Dani,59c31ec3,
CAL01984b98c2327aacb484e4cfc0f2652f,Kingston Regional Pet Hospital,Inconclusive,New,,,,Urgent Care / Sick Pet,,Adelaide,8c1bd238,
CAL0198421ad735799ab2739bc5fde43e16,Welland Animal Hospital,No,New,Kris,,4. Meant to call competitor hospital,Preventive Care,,Dani,265142bc,
CAL01984baf0be57131aefe63ea3ef61166,Kingston Regional Pet Hospital,Inconclusive,New,,,,Urgent Care / Sick Pet,,Adelaide,ae0c3b81,
CAL01984220f3297f42af2206a53f3826db,Lynden Animal Clinic,No,New,Anna,,4. Meant to call competitor hospital,Urgent Care / Sick Pet,,Dani,3cb5cc5b,
CAL01984bea44a47d14ad9471dd7a2fcc1d,Kingston Regional Pet Hospital,Inconclusive,New,Emily,,,Urgent Care / Sick Pet,,Adelaide,6ece9585,
CAL019843ff192071f4834b5756b45da02c,Quinte Regional Pet Hospital,Yes,New,Sarah,Chloe (Peggy),,End of Life Care,,Justin,91646985,
CAL01984c052b797e0d8fe5c8417652b3eb,Quinte Regional pet hospital,Yes,New,,,,Urgent Care / Sick Pet,,Adelaide,1822bd1c,
CAL01984c091bbd77a5bdabd606f93278d0,Kingston Regional Pet Hospital,No,New,,,1a. Caller Procrastination - Price Objection / Shopping / Request for Quote,End of Life Care – In-Clinic Euthanasia,,Adelaide,b8909de2,
CAL0198422596247b028bce6b971fdcdac3,Okotoks Veteirnary,Yes,Existing,Linda,,,Dermatology – Ear Infections,,Dani,630a9e21,
CAL01984401a9107d33af9a912c5ffd055f,Quinte Regional Pet Hospital,Yes,New,,,,Diagnostic Services,,Justin,5b3c9107,
CAL01984c3d8f4275f2bba26aebb10a2f42,Emily,Yes,New,,,,"Urgent Care – Diagnosis and Treatment of Illnesses (Vomiting, Diabetes, Infections)",,Adelaide,d9945e18,
CAL01984c991c9477818dc9d0c268cf0153,Kingston Regional Pet Hospital,No,New,,,1a. Caller Procrastination - Price Objection / Shopping / Request for Quote,End of Life Care – In-Clinic Euthanasia,,Adelaide,f209b39c,
CAL0198422db0f7765b893ec3be035079b7,Blue Sky Animal Hospital,No,Existing,Sarah,,2b. Scheduling Issue - Full schedule,Dermatology – Ear Infections,,Dani,74b2061d,
CAL01984cac4f367b23880e15c8db24bc59,,Inconclusive,New,,,,Urgent Care / Sick Pet,,Adelaide,f1f624c7,
CAL01984caca99c7fad881764505249792c,Kingston Regional Pet Hospital,Yes,Existing,,Comso,,Urgent Care / Sick Pet,,Adelaide,6396c68d,
CAL0198422f730c76be8fb3c954115285a5,Pickering Animal Hospital,Yes,New,Hailey,Meatball,,Urgent Care / Sick Pet,,Dani,d0301d50,
CAL01984cdaec947c8698f82e1094110321,Quinte regional pet hospital,Inconclusive,New,,,,Urgent Care / Sick Pet,,Adelaide,c7685197,
CAL01984ce05bf3755a88d335bcfe588d76,Kingston Regional Pet Hospital,Yes,New,,,,"Emergency & Critical Care – Stabilization (Trauma, Poisoning, Seizures)",,Adelaide,ffcd3a9b,
CAL01984d07944370f4af3300d6f16aec40,Paradise,No,New,Katie,Otis,6. Emergency care not offered,"Emergency & Critical Care – Stabilization (Trauma, Poisoning, Seizures)",,Adelaide,9bf62b30,
CAL01984d24a6267baf988dd5b0666763fe,Kingston Regional Pet Hospital,Yes,New,,,,"Emergency & Critical Care – Stabilization (Trauma, Poisoning, Seizures)",,Adelaide,6fd7dcfc,
CAL01984d3219d1705c82daa28412948e92,Quinte Regional Pet Hospital,Yes,New,Sarah,,,"Urgent Care – Diagnosis and Treatment of Illnesses (Vomiting, Diabetes, Infections)",,Adelaide,948ca9f2,
CAL01984d8e132a715f8d8063f8008dea47,Kingston Regional Pet Hospital,Yes,New,Emily,,,End of Life Care – In-Clinic Euthanasia,,Adelaide,7c58b270,
CAL01984e1696677206bd8c86d5510a25bd,Kingston regional Pet hospital,No,Existing,,,2b. Scheduling Issue - Full schedule,Urgent Care / Sick Pet,,Adelaide,315b2363,
CAL019844340d92701480ae149cb6db5dc6,Paradise Animal Hospital,Yes,New,Terry,Gina Hickey,,Diagnostic Services,,Justin,47d2b0d9,
CAL0198443467387594b1a3903176ecc956,Kingston Regional Pet Hospital,Inconclusive,New,,,,Urgent Care / Sick Pet,,Justin,1681bfe3,
CAL01984445594e77e0995143abdbf233ae,Kingston Regional Pet Hospital,Inconclusive,New,,,,Urgent Care / Sick Pet,,Justin,34d79f36,
CAL0198445f159f7ea0863e65cd125db1f0,Kingston Regional Pet Hospital,Yes,New,,,,Urgent Care / Sick Pet,,Justin,69839635,
CAL01984466e3f67be2a6f6aa1eb172b807,Kingston Regional Pet Hospital,Yes,New,,Lea Engleberg,,Urgent Care / Sick Pet,,,95ed4875,
CAL019844715db07807b7dffa0c4867618d,Quinte Regional Pet Hospital,Yes,New,Sarah,,,Surgical Services,,Justin,66d00f1d,
CAL01984476771f7945a72f8bd15824f42f,Kingston Regional Pet Hospital,Yes,New,,Jessica Thompson,,Surgical Services,,Justin,879b36cc,
CAL0198447fdeac78a1b97d7e574ebc9a45,Paradise Animal Hospital,Yes,New,Erin,Michelle,,Diagnostic Services,,Justin,eb1ce146,
CAL0198465da0ae7d409fa1d8ac470e3afd,Kingston Regional Pet Hospital,No,Existing,,Rico,,Diagnostic Services,,Justin,492633b5,
CAL019846a0b66b74b4b1115e90a22d2740,Pickering Animal Hospital,No,New,,,2a. Scheduling Issue - Walk ins not available / no same day appt,Diagnostic Services,,Justin,0d5df5b5,
CAL019846b31014783aa28b43775196dbc0,Pickering Animal Hospital,Inconclusive,Existing,Dana,Bailey,,Diagnostic Services,,,81d31d98,
CAL019846b8f64e7604bc7bc2eabeb58c4a,Caledonia Veterinary Clinic,Yes,Existing,Kayla,Tracy Martin,,End of Life Care,,Justin,6cc169d1,
CAL019846d0660e78e083d2630ef0a456ca,Englehart Animal Hospital,Yes,New,Diana Rodgers,,,Diagnostic Services,,Justin,fb2e902d,
CAL019846e3e106787ea6143e929b05f851,Stoneybrook Animal Hospital,Yes,Existing,Jose,Ryan Harlow,,Diagnostic Services,,Justin,b436fac3,
CAL0198470e4f0776dc84cfd2ef4535130d,Thomas Glen Erin Animal Hospital,No,Existing,,,3e. Service/treatment not offered - Birds,Diagnostic Services,,Justin,9f91b6b2,
CAL01984710fb3c73b493fa7dd81873ad54,Englehart Animal Hospital,No,New,,Dawn Oliver,2b. Scheduling Issue - Full schedule,Diagnostic Services,,,a8b4c987,
CAL01984724b15f7bc0a5c16ca9861be986,Stoneybrook Animal Hospital,No,New,Kiersten,,1a. Caller Procrastination - Price Objection / Shopping / Request for Quote,End of Life Care,,Justin,829a572c,
CAL0198472d3cc77c21a9636b69696f5c18,Quinte Regional Pet Hospital,Yes,New,Sarah,Rebecca,,Diagnostic Services,,Justin,2c3dac71,
CAL0198472e180e72fda2c157a0d6eabbf5,Pickering Animal Hospital,No,New,,,2b. Scheduling Issue - Full schedule,Surgical Services,,Justin,669215bb,
CAL0198473985997b85aae76297643660e9,Pickering Animal Hospital,No,New,Dana,,2b. Scheduling Issue - Full schedule,Diagnostic Services,,Justin,9c93a015,
CAL0198473f7d2a7b259060a24ce9e262fe,Pickering Animal Hospital,Yes,New,,,2b. Scheduling Issue - Full schedule,"Urgent Care – Diagnosis and Treatment of Illnesses (Vomiting, Diabetes, Infections)",,Justin,c1324857,
CAL019847429fae7401a033f30149097005,Okotoks Veterinary Clinic,Inconclusive,Existing,Linda,Barb (Sofie),,Retail – Prescriptions,,Justin,27816482,
CAL019847466f837159bcfbd72a7b86abd2,Beaver Creek Animal Hospital,Yes,New,Sarah,Tara Kovic,,"Preventive Care – Wellness Screening (Bloodwork, Urinalysis, Fecals)",,Justin,f71925e6,
CAL01984e7a57837f42a296bd9dbd5bc779,Kingston regional Pet hospital,Inconclusive,New,,,,"Emergency & Critical Care – Stabilization (Trauma, Poisoning, Seizures)",,Adelaide,2312776a,
CAL01984e8c4c9c7781bd1958b035de1876,kingston regional pet hospital,Yes,New,,Rampage,,"Emergency & Critical Care – Stabilization (Trauma, Poisoning, Seizures)",,Adelaide,a59f564c,
CAL01984e91c7ce7f01bf03df492393e34c,Kingston Regional Pet Hospital,No,New,,,1a. Caller Procrastination - Price Objection / Shopping / Request for Quote,"Emergency & Critical Care – Stabilization (Trauma, Poisoning, Seizures)",,,016f22bd,
CAL01984e9771997e679d83323418756809,Kingston Regional Pet Hospital,No,New,,,1c. Caller Procrastination - Getting information for someone else,Emergency & Critical Care,,Adelaide,0edf2a64,
CAL01984e9984ea7ae4976d0c9efd432bd9,Kingston Regional Pet Hospital,Inconclusive,New,,,,"Emergency & Critical Care – Stabilization (Trauma, Poisoning, Seizures)",,Adelaide,19ef007f,
CAL01984e9b540273c396ea4107c4f40b50,Kingston Regional Pet Hospital,No,New,,,6. Emergency care not offered,"Emergency & Critical Care – Stabilization (Trauma, Poisoning, Seizures)",,Adelaide,72e70a6d,
CAL01984f9d8c7372878922163625c94d5b,Kingston Regional Pet Hospital,Inconclusive,New,,,,Emergency & Critical Care,,Adelaide,631953c4,
CAL01984fba76b3791dabb14c1f648b8913,Kingston Regional Pet Hospital,No,New,,,1. Caller Procrastination,Emergency & Critical Care,,Adelaide,e52b2edd,
CAL01984fcf016976608aab7b89e9929bea,Kingston regional Pet hospital,Yes,New,,,,"Emergency & Critical Care – Stabilization (Trauma, Poisoning, Seizures)",,Adelaide,40968d92,
CAL019850976cb170eba6634458e7401823,Paradise Animal Hospital,Yes,Existing,,Riley,,"Urgent Care – Diagnosis and Treatment of Illnesses (Vomiting, Diabetes, Infections)",,Adelaide,2aeb0db7,
CAL019850c993ee76ec901eaa9d4462c033,Paradise Animal Hospital,No,New,Melissa,,2b. Scheduling Issue - Full schedule,Urgent Care / Sick Pet,,Adelaide,a15134d4,
CAL019850d7d1b071d69dc8b043425a754d,Paradise Animal Hospital,Yes,Existing,Kendra,Zoey,,Urgent Care / Sick Pet,,Adelaide,3bc95c74,
CAL019850e35f787e6b8d9355851b2b81dc,Paradise Animal Hospital,Yes,Existing,Jill,Zoey,,Urgent Care / Sick Pet,,Adelaide,2dd20b0e,
CAL019850eeb649743db7c78069de8be846,McEwen-Frotenac Animal Hospital,Yes,Existing,Gloria,Annie,,Dermatology – Ear Infections,,Adelaide,bf7f8f08,
CAL019850efb7417c359aad2f55e98ef7e0,Paradise Animal Hospital,Yes,Existing,Kendra,Mack,,Preventive Care – Vaccinations,,Adelaide,475b5ce5,
CAL019850f1727c7bb4873e84a877b449fc,,Inconclusive,Existing,,Chloe,,Retail – Food Orders,,Adelaide,9cc901c2,
CAL019850f8391a7b3592936d30637a2ca9,Pickering Animal Hospital,Yes,Existing,,Daisy,,Urgent Care / Sick Pet,,Adelaide,293e253b,
CAL019850f9bc0c775f8ce17dd3acec18fb,Paradise Animal Hopsital,No,Existing,Kendra,,1c. Caller Procrastination - Getting information for someone else,Preventive Care,,Adelaide,4c8f72e3,
CAL019850fd6e1f74129b08959259936488,Pickering Animal Hospital,Yes,Existing,,Gato,,Dermatology,,Adelaide,b4e71521,
CAL019850fed95f74afa6e8b17c5275d738,Paradise Animal Hospital,Yes,Existing,Jill,Birch,,"Urgent Care – Chronic Disease Management (Arthritis, Allergies, Thyroid Disease)",,Adelaide,8578ef68,
CAL019851059b5478278778ddee75ef1e48,McEwen-Frontenac Animal Hospital,Yes,Existing,Erin,Dublin,,"Emergency & Critical Care – Stabilization (Trauma, Poisoning, Seizures)",,Adelaide,baae5363,
CAL0198510c4ccd72af906d924ef73899db,Paradise Animal hospital,Yes,New,Kendra,Gus,,Preventive Care – Vaccinations,,Adelaide,d06b9393,
CAL0198510cbdfc7a9faef855a2fda026d3,McEwen-Frontenac Animal Hospital,No,New,Gloria,,1c. Caller Procrastination - Getting information for someone else,Diagnostic Services – X-Rays (Digital Radiography),,Adelaide,7de120ea,
CAL019851121b737a3ca7e8b72146439211,,Inconclusive,Existing,,Dorita,,"Urgent Care – Diagnosis and Treatment of Illnesses (Vomiting, Diabetes, Infections)",,Adelaide,1f43bc7d,
CAL01985114738c737ab30561bbb28f7a9d,Pickering Animal Hospital,Yes,Existing,,Jubilee,,Urgent Care / Sick Pet,,Adelaide,460c014a,
CAL01985114830c759b87ef121c2bd51f81,,Inconclusive,New,,,,Preventive Care – Vaccinations,,Adelaide,8ca0db63,
CAL0198511ac4f97fe78ce4bb15e8db8717,McEwen-Frontenac Animal Hospital,Yes,Existing,Erin,Dorito,,"Urgent Care – Diagnosis and Treatment of Illnesses (Vomiting, Diabetes, Infections)",,Adelaide,115d765a,
CAL0198511b54e8717f869c7848739ffc46,Paradise Animal Hopsital,Yes,Existing,Kendra,Rosie,,"Emergency & Critical Care – Stabilization (Trauma, Poisoning, Seizures)",,Adelaide,f870f5db,
CAL0198511d311b7ef1968c5058f1774f03,,Inconclusive,Existing,,Zoey,,Urgent Care / Sick Pet,,Adelaide,2534358b,
CAL01985121a2107c5c9f601e22bd0e02e6,Pickering animal Hospital,Inconclusive,Existing,Hailey,Mouse,,Retail – Prescriptions,,Adelaide,f27e95ff,
CAL019851223f3a7736bb5147d9493b63f1,Paradise Animal Hospital,Inconclusive,New,Jill,,,Urgent Care / Sick Pet,,Adelaide,f5b6b0ba,
CAL01985122a0107798b2c561cb9e9bdbf2,,Yes,Existing,Megan,Barney,,Preventive Care – Vaccinations,,Adelaide,af87d510,
CAL0198512351b770f597836fe22c336ac0,Pickering Animal Hospital,Yes,Existing,Michelle,Ernie,,Urgent Care / Sick Pet,,Adelaide,0e2cfcd8,
CAL01985123fb2b7ca6a70759adb920c770,,Yes,New,Sheri,Mr. Snuggles,,Urgent Care / Sick Pet,,Adelaide,fc7510b2,
CAL019851288c4f7051b191fd8645479d90,Moira Veterinary Clinic,No,New,,,2b. Scheduling Issue - Full schedule,Dermatology,,Adelaide,9c34f1c6,
CAL0198512a89bf71b78fe111354c4afc63,Wellington Veterinary Services,Yes,Existing,,Marley,,Urgent Care / Sick Pet,,Adelaide,65b7bfbf,
CAL0198512c7e19771ab9ac8aeaf3f44da8,Lynden Animal Clinic,Yes,Existing,Marlene,Piper,,Preventive Care,,Adelaide,41dbec2c,
CAL0198512ce382792ab73ba59f36da28a9,Beaver Creek Animal Hopsital,No,New,Zoey,,1a. Caller Procrastination - Price Objection / Shopping / Request for Quote,Preventive Care – Vaccinations,,Adelaide,88f35411,
CAL019851308095776c91c2dd0275e28d4f,Blue Sky Animal Hospita,Yes,Existing,JD,Treasure,,Urgent Care / Sick Pet,,Adelaide,b07cb4a9,
CAL01985132d5d07c09bb64bf96edfd8326,Moira Veterinary Clinic,Yes,Existing,,Kali,,Surgical Services – Spays and Neuters,,Adelaide,a892ed8a,
CAL0198513d673970d7af0c8b6d9646fd69,Blue Sky animal Hospital,Inconclusive,Existing,JD,Bruce,,Retail – Prescriptions,,Adelaide,fe59b4cf,
CAL0198513f8df3796684265f7ed2cde4d5,,No,Existing,,Zeeva,1. Caller Procrastination,Preventive Care – Vaccinations,,Adelaide,8bcf9185,
CAL0198514512db708099e62e148278cdfa,,Inconclusive,New,,,,Preventive Care – Vaccinations,,Adelaide,9f8f9a9f,
CAL01985148fca87e58a7b36d9179ba7f0d,Moira Veterinary Clinic,Yes,Existing,Megan,,,Urgent Care / Sick Pet,,Adelaide,d649eb58,
CAL0198514be6ef740dbf227cd3dc4c4df2,Blue Sky Animal Hospital,Yes,Existing,JD,Jack,,End of Life Care – In-Clinic Euthanasia,,Adelaide,bac8d7f0,
CAL0198514c298e7dee99408e2a6d648d0c,Paradise Animal Hopsital,No,New,Kendra,,3. Service/treatment not offered,End of Life Care – In-Home Euthanasia,,Adelaide,cc73b903,
CAL0198514d8b4a717e887d2299f98d67f0,McEwen - Frontenac Animal Hopsital,Inconclusive,Existing,Erin,,1b. Caller Procrastination - Need to check with partner,"Urgent Care – Chronic Disease Management (Arthritis, Allergies, Thyroid Disease)",,Adelaide,2ef8b632,
CAL0198514ee9fc705e8efaff8765b1cc41,,Inconclusive,New,,,,Urgent Care / Sick Pet,,Adelaide,004b5978,
CAL019851537461725b8e368adf75633242,Paradise Animal Hospital,Yes,Existing,Jill,Rosie,,Dermatology – Ear Infections,,Adelaide,fa835179,
CAL01985154841b7a54895846b125388887,Amberlea Animal Hospital,Yes,Existing,Micha,Muffin,,Preventive Care – Vaccinations,,Adelaide,106d7c28,
CAL01985155299675d4bac453c4e4033ee6,,No,New,Sheri,Mr. Snuggles,1. Caller Procrastination,Urgent Care / Sick Pet,,Adelaide,1d6b83bc,
CAL0198515b10bd7c79829eec3c41a3093f,Moira Veterinary Clinic,No,New,Katie,,1a. Caller Procrastination - Price Objection / Shopping / Request for Quote,Urgent Care / Sick Pet,,Adelaide,47ac1951,
CAL0198515d600072e6afc7372c96d30c30,Downton Animal Clinic,Inconclusive,New,Bethany,,,Retail – Food Orders,,Adelaide,fabcc697,
CAL011c013103cb49bc84379c12992b27a6,KRPH,No,New,,Broom,1. Caller Procrastination,Urgent Care / Sick Pet,,Mik,d0180e7a,
CAL011ebf53493445e7896fed44ce7c81f6,PAH,Yes,Existing,Amanda,Charlie,,End of Life Care,,Mik,2b386cc7,
CAL0123fdba3d2942b0af41e1ee7d7d3bac,North Vancouver Hospital,Yes,New,Donya,Tucker,,Urgent Care / Sick Pet,,Mik,06aad675,
CAL012c4a0f78834f90b4d5b3a24657a2d8,VG,Yes,Existing,,Finnegan,,Preventive Care,,Mik,a9d292b0,
CAL01307cbeca1945d3a9201018704f109a,MVC,No,Existing,,Little Bit,2. Scheduling Issue,Urgent Care / Sick Pet,,Mik,ad2d359a,
CAL013ccba9eedc4e67a1005d99fc3fa4bb,BSAH,Yes,Existing,,Lucky,,Urgent Care / Sick Pet,,Mik,04c5338e,
CAL014854d99d7940c1910271fee0349169,NVPH,Yes,Existing,Zoe,Toby,,Preventive Care – Vaccinations,,Mik,856ebff1,
CAL014b1b4985f340e8ba39b659373275b2,MJAC,No,New,Jackie,,1a. Caller Procrastination - Price Objection / Shopping / Request for Quote,Preventive Care – Vaccinations,,Mik,8e34955d,
CAL01568eebe6a143918c7fc238f5562f6b,CVC,Yes,Existing,,Lucy,,Preventive Care – Vaccinations,,Mik,dee28c51,
CAL0158a08f881a40c592c795ca67df298b,KRPH,Yes,Existing,,Yes,,End of Life Care – In-Clinic Euthanasia,,Mik,750ac303,
CAL017e403dd5c64398ac43ffe88d4b3cf5,NVPH,Yes,Existing,Zoe,Yes,,Preventive Care,,Mik,b57b2d2c,
CAL018db6069ff2459da919dd5241e6615a,MVC,No,Existing,Katie,Yes,1a. Caller Procrastination - Price Objection / Shopping / Request for Quote,Dermatology – Allergies,,Mik,bdd0107b,
CAL018df2fa33fb456f8959e4287cbf5bb7,PAH,Yes,New,,Yes,,Preventive Care – Vaccinations,,Mik,fe4f9f4b,
CAL018e04d97ba74747b033b3120bd39163,EAH,Yes,Existing,,Yes,,Preventive Care – Vaccinations,,Mik,0081884d,
CAL019837cf0ff37f4d8d1af062be24cbab,PAH,Yes,Existing,Michelle,Yes,,Urgent Care / Sick Pet,,Mik,633b1b2a,
CAL019837cf1fe87f139b863a24117182bb,AAP,No,Existing,,Yes,2a. Scheduling Issue - Walk ins not available / no same day appt,Urgent Care / Sick Pet,,Mik,d2ac8b67,
CAL019837e8fdaf7d31b9a87d56d518b19a,BCAH,Yes,New,Jessica,Yes,,Preventive Care,,Mik,f725ce9c,
CAL850d34726b0a4981b47bd3550cd9fcf7,BVS,Yes,Existing,Ashley,Yes,,Preventive Care – Vaccinations,,Mik,e8ccbe66,
CALc1de25470129441ba9e5d7989740d14c,PAH,Yes,Existing,Jill,Yes,,End of Life Care – In-Clinic Euthanasia,,Mik,59c806e5,
CALc1ea6c4e0075434c81d7d05011487485,CVC,Yes,Existing,Haley,Yes,,Preventive Care – Annual Exams,,Mik,fac9edb3,
CALc1eb36fd7e7846849eb5035f59f37b01,PAH,Yes,Existing,Jen,Yes,,Urgent Care / Sick Pet,,Mik,819f1a2a,
CALc201c5990fc94b7d8c4f421b25629075,PAH,Yes,New,Jessica,Yes,,Preventive Care,,Mik,335ae828,
CALc204b7127dc44cc387e93098bed8cace,NVPH,No,New,,,1a. Caller Procrastination - Price Objection / Shopping / Request for Quote,Preventive Care,,Mik,3b10f127,
CALc207fa1f185e4d728d8a19958f12bcb9,PAH,Yes,New,Taylor,Yes,,Urgent Care / Sick Pet,,Mik,fac11b60,
CALc208f426217242d2aaf9f1f6141daa4c,EAH,No,Existing,,Yes,6. Emergency care not offered,Urgent Care / Sick Pet,,Mik,2a10b924,
CALc212d165c4ae4d7db6ea3ab6df191707,WAH,Yes,New,Daniela,Yes,,Preventive Care,,Mik,78d6e35b,
CALc21949789116460bafa6bb31ca7ffe6b,FGAH,Yes,Existing,Ashley,Yes,,Urgent Care / Sick Pet,,Mik,a986583e,
CALc220ef0b2c7547f2be04cd2c08b1da02,NVPH,Yes,Existing,,Yes,,Diagnostic Services,,Mik,ee33e1d6,
